grid,site,night
ALA_2,ALA_2_NE_1004C,2015-06-24
ALA_2,ALA_2_NE_1004C,2015-06-25
ALA_2,ALA_2_NE_1004C,2015-06-26
ALA_2,ALA_2_NE_1004C,2015-06-27
ALA_2,ALA_2_NE_1004C,2015-06-28
ALA_2,ALA_2_NE_1004C,2015-06-29
ALA_2,ALA_2_NW_BAT_207,2015-06-24
ALA_2,ALA_2_NW_BAT_207,2015-06-25
ALA_2,ALA_2_NW_BAT_207,2015-06-26
ALA_2,ALA_2_NW_BAT_207,2015-06-27
ALA_2,ALA_2_NW_BAT_207,2015-06-28
ALA_2,ALA_2_NW_BAT_207,2015-06-29
ALA_2,ALA_2_SE_BAT_026,2015-06-24
ALA_2,ALA_2_SE_BAT_026,2015-06-25
ALA_2,ALA_2_SE_BAT_026,2015-06-26
ALA_2,ALA_2_SE_BAT_026,2015-06-27
ALA_2,ALA_2_SE_BAT_026,2015-06-28
ALA_R3,ALA_R3_NE_BAT_040,2015-06-16
ALA_R3,ALA_R3_NE_BAT_040,2015-06-17
ALA_R3,ALA_R3_NE_BAT_040,2015-06-18
ALA_R3,ALA_R3_NE_BAT_040,2015-06-19
ALA_R3,ALA_R3_NE_BAT_040,2015-06-20
ALA_R3,ALA_R3_NE_BAT_040,2015-06-21
ALA_R3,ALA_R3_NW_G2,2015-06-16
ALA_R3,ALA_R3_NW_G2,2015-06-17
ALA_R3,ALA_R3_NW_G2,2015-06-18
ALA_R3,ALA_R3_NW_G2,2015-06-19
ALA_R3,ALA_R3_NW_G2,2015-06-20
ALA_R3,ALA_R3_NW_G2,2015-06-21
ALA_R3,ALA_R3_SW_J4,2015-06-16
ALA_R3,ALA_R3_SW_J4,2015-06-17
ALA_R3,ALA_R3_SW_J4,2015-06-18
ALA_R3,ALA_R3_SW_J4,2015-06-19
ALA_R3,ALA_R3_SW_J4,2015-06-20
ALA_R3,ALA_R3_SW_J4,2015-06-21
CNLP_1,CNLP_1_NE_BAT_006,2015-05-28
CNLP_1,CNLP_1_NE_BAT_006,2015-05-29
CNLP_1,CNLP_1_NE_BAT_006,2015-05-30
CNLP_1,CNLP_1_NE_BAT_006,2015-05-31
CNLP_1,CNLP_1_NE_BAT_006,2015-06-01
CNLP_1,CNLP_1_NE_BAT_006,2015-06-02
CNLP_1,CNLP_1_NE_BAT_006,2015-06-03
CNLP_1,CNLP_1_NW_BAT_005,2015-05-28
CNLP_1,CNLP_1_NW_BAT_005,2015-05-29
CNLP_1,CNLP_1_NW_BAT_005,2015-05-30
CNLP_1,CNLP_1_NW_BAT_005,2015-05-31
CNLP_1,CNLP_1_NW_BAT_005,2015-06-01
CNLP_1,CNLP_1_NW_BAT_005,2015-06-02
CNLP_1,CNLP_1_NW_BAT_005,2015-06-03
CNLP_1,CNLP_1_SE_BAT_004,2015-05-28
CNLP_1,CNLP_1_SE_BAT_004,2015-05-29
CNLP_1,CNLP_1_SE_BAT_004,2015-05-30
CNLP_1,CNLP_1_SE_BAT_004,2015-05-31
CNLP_1,CNLP_1_SE_BAT_004,2015-06-01
CNLP_1,CNLP_1_SW_BAT_002,2015-05-28
CNLP_1,CNLP_1_SW_BAT_002,2015-05-29
CNLP_1,CNLP_1_SW_BAT_002,2015-05-30
CNLP_1,CNLP_1_SW_BAT_002,2015-05-31
CNLP_1,CNLP_1_SW_BAT_002,2015-06-01
CNLP_1,CNLP_1_SW_BAT_002,2015-06-02
CNLP_1,CNLP_1_SW_BAT_002,2015-06-03
CNLP_2,CNLP_2_NE_BAT_008,2015-07-03
CNLP_2,CNLP_2_NE_BAT_008,2015-07-04
CNLP_2,CNLP_2_NE_BAT_008,2015-07-05
CNLP_2,CNLP_2_NE_BAT_008,2015-07-06
CNLP_2,CNLP_2_NE_BAT_008,2015-07-07
CNLP_2,CNLP_2_NE_BAT_008,2015-07-08
CNLP_2,CNLP_2_NW_L4,2015-07-03
CNLP_2,CNLP_2_NW_L4,2015-07-04
CNLP_2,CNLP_2_NW_L4,2015-07-05
CNLP_2,CNLP_2_NW_L4,2015-07-06
CNLP_2,CNLP_2_NW_L4,2015-07-07
CNLP_2,CNLP_2_NW_L4,2015-07-08
CNLP_2,CNLP_2_SE_BAT_004,2015-07-03
CNLP_2,CNLP_2_SE_BAT_004,2015-07-04
CNLP_2,CNLP_2_SE_BAT_004,2015-07-05
CNLP_2,CNLP_2_SE_BAT_004,2015-07-06
CNLP_2,CNLP_2_SE_BAT_004,2015-07-07
CNLP_2,CNLP_2_SE_BAT_004,2015-07-08
CNLP_2,CNLP_2_SW_A3,2015-07-03
CNLP_2,CNLP_2_SW_A3,2015-07-04
CNLP_2,CNLP_2_SW_A3,2015-07-05
CNLP_2,CNLP_2_SW_A3,2015-07-06
CNLP_2,CNLP_2_SW_A3,2015-07-07
CNLP_2,CNLP_2_SW_A3,2015-07-08
CNLP_3,CNLP_3_NE_BAT_015,2015-05-29
CNLP_3,CNLP_3_NE_BAT_015,2015-05-30
CNLP_3,CNLP_3_NE_BAT_015,2015-05-31
CNLP_3,CNLP_3_NE_BAT_015,2015-06-01
CNLP_3,CNLP_3_NE_BAT_015,2015-06-02
CNLP_3,CNLP_3_NE_BAT_015,2015-06-03
CNLP_3,CNLP_3_NW_BAT_013,2015-05-29
CNLP_3,CNLP_3_NW_BAT_013,2015-05-30
CNLP_3,CNLP_3_NW_BAT_013,2015-05-31
CNLP_3,CNLP_3_NW_BAT_013,2015-06-01
CNLP_3,CNLP_3_NW_BAT_013,2015-06-02
CNLP_3,CNLP_3_NW_BAT_013,2015-06-03
CNLP_3,CNLP_3_SE_BAT_012,2015-05-29
CNLP_3,CNLP_3_SE_BAT_012,2015-05-30
CNLP_3,CNLP_3_SE_BAT_012,2015-05-31
CNLP_3,CNLP_3_SE_BAT_012,2015-06-01
CNLP_3,CNLP_3_SE_BAT_012,2015-06-02
CNLP_3,CNLP_3_SW_BAT_014,2015-05-29
CNLP_3,CNLP_3_SW_BAT_014,2015-05-30
CNLP_3,CNLP_3_SW_BAT_014,2015-05-31
CNLP_3,CNLP_3_SW_BAT_014,2015-06-01
CNLP_3,CNLP_3_SW_BAT_014,2015-06-02
CNLP_3,CNLP_3_SW_BAT_014,2015-06-03
CNLP_4,CNLP_4_NE_BAT_038,2015-07-09
CNLP_4,CNLP_4_NE_BAT_038,2015-07-10
CNLP_4,CNLP_4_NE_BAT_038,2015-07-11
CNLP_4,CNLP_4_NE_BAT_038,2015-07-12
CNLP_4,CNLP_4_NE_BAT_038,2015-07-13
CNLP_4,CNLP_4_NE_BAT_038,2015-07-14
CNLP_4,CNLP_4_NE_BAT_038,2015-07-15
CNLP_4,CNLP_4_NW_BAT_002,2015-07-09
CNLP_4,CNLP_4_NW_BAT_002,2015-07-10
CNLP_4,CNLP_4_NW_BAT_002,2015-07-11
CNLP_4,CNLP_4_NW_BAT_002,2015-07-12
CNLP_4,CNLP_4_NW_BAT_002,2015-07-13
CNLP_4,CNLP_4_NW_BAT_002,2015-07-14
CNLP_4,CNLP_4_NW_BAT_002,2015-07-15
CNLP_4,CNLP_4_SE_E1,2015-07-09
CNLP_4,CNLP_4_SE_E1,2015-07-10
CNLP_4,CNLP_4_SE_E1,2015-07-11
CNLP_4,CNLP_4_SE_E1,2015-07-12
CNLP_4,CNLP_4_SE_E1,2015-07-13
CNLP_4,CNLP_4_SE_E1,2015-07-14
CNLP_4,CNLP_4_SE_E1,2015-07-15
CNLP_4,CNLP_4_SW_BAT_006,2015-07-09
CNLP_4,CNLP_4_SW_BAT_006,2015-07-10
CNLP_4,CNLP_4_SW_BAT_006,2015-07-11
CNLP_4,CNLP_4_SW_BAT_006,2015-07-12
CNLP_4,CNLP_4_SW_BAT_006,2015-07-13
CNLP_4,CNLP_4_SW_BAT_006,2015-07-14
CNLP_4,CNLP_4_SW_BAT_006,2015-07-15
CNLP_5,CNLP_5_NE_987B,2015-07-03
CNLP_5,CNLP_5_NE_987B,2015-07-04
CNLP_5,CNLP_5_NE_987B,2015-07-05
CNLP_5,CNLP_5_NE_987B,2015-07-06
CNLP_5,CNLP_5_NE_987B,2015-07-07
CNLP_5,CNLP_5_NE_987B,2015-07-08
CNLP_5,CNLP_5_NE_987B,2015-07-09
CNLP_5,CNLP_5_NW_988C,2015-07-04
CNLP_5,CNLP_5_NW_988C,2015-07-05
CNLP_5,CNLP_5_NW_988C,2015-07-06
CNLP_5,CNLP_5_NW_988C,2015-07-07
CNLP_5,CNLP_5_NW_988C,2015-07-08
CNLP_5,CNLP_5_SE_BAT_028,2015-07-03
CNLP_6,CNLP_6_NW_BAT_034,2015-06-04
CNLP_6,CNLP_6_NW_BAT_034,2015-06-05
CNLP_6,CNLP_6_NW_BAT_034,2015-06-06
CNLP_6,CNLP_6_NW_BAT_034,2015-06-07
CNLP_6,CNLP_6_NW_BAT_034,2015-06-08
CNLP_6,CNLP_6_NW_BAT_034,2015-06-09
CNLP_6,CNLP_6_SE_BAT_023,2015-06-02
CNLP_6,CNLP_6_SE_BAT_023,2015-06-03
CNLP_6,CNLP_6_SE_BAT_023,2015-06-04
CNLP_6,CNLP_6_SE_BAT_023,2015-06-05
CNLP_6,CNLP_6_SE_BAT_023,2015-06-06
CNLP_6,CNLP_6_SE_BAT_023,2015-06-07
CNLP_6,CNLP_6_SE_BAT_023,2015-06-08
CNLP_6,CNLP_6_SE_BAT_023,2015-06-09
CNLP_6,CNLP_6_SW_BAT_044,2015-06-02
CNLP_6,CNLP_6_SW_BAT_044,2015-06-03
CNLP_6,CNLP_6_SW_BAT_044,2015-06-04
CNLP_6,CNLP_6_SW_BAT_044,2015-06-05
CNLP_6,CNLP_6_SW_BAT_044,2015-06-06
CNLP_6,CNLP_6_SW_BAT_044,2015-06-07
CNLP_6,CNLP_6_SW_BAT_044,2015-06-08
CNLP_7,CNLP_7_NE_BAT_205,2015-07-04
CNLP_7,CNLP_7_NE_BAT_205,2015-07-05
CNLP_7,CNLP_7_NE_BAT_205,2015-07-06
CNLP_7,CNLP_7_NE_BAT_205,2015-07-07
CNLP_7,CNLP_7_NE_BAT_205,2015-07-08
CNLP_7,CNLP_7_NE_BAT_205,2015-07-09
CNLP_7,CNLP_7_NW_BAT_010,2015-07-04
CNLP_7,CNLP_7_NW_BAT_010,2015-07-05
CNLP_7,CNLP_7_NW_BAT_010,2015-07-06
CNLP_7,CNLP_7_NW_BAT_010,2015-07-07
CNLP_7,CNLP_7_NW_BAT_010,2015-07-08
CNLP_7,CNLP_7_NW_BAT_010,2015-07-09
CNLP_7,CNLP_7_SE_H2,2015-07-04
CNLP_7,CNLP_7_SE_H2,2015-07-05
CNLP_7,CNLP_7_SE_H2,2015-07-06
CNLP_7,CNLP_7_SE_H2,2015-07-07
CNLP_7,CNLP_7_SE_H2,2015-07-08
CNLP_7,CNLP_7_SE_H2,2015-07-09
CNLP_7,CNLP_7_SW_M2,2015-07-04
CNLP_7,CNLP_7_SW_M2,2015-07-05
CNLP_7,CNLP_7_SW_M2,2015-07-06
CNLP_7,CNLP_7_SW_M2,2015-07-07
CNLP_7,CNLP_7_SW_M2,2015-07-08
CNLP_7,CNLP_7_SW_M2,2015-07-09
CNLP_8,CNLP_8_NE_BAT_047,2015-07-08
CNLP_8,CNLP_8_NE_BAT_047,2015-07-09
CNLP_8,CNLP_8_NE_BAT_047,2015-07-10
CNLP_8,CNLP_8_NE_BAT_047,2015-07-11
CNLP_8,CNLP_8_NW_I1,2015-07-08
CNLP_8,CNLP_8_NW_I1,2015-07-09
CNLP_8,CNLP_8_NW_I1,2015-07-10
CNLP_8,CNLP_8_NW_I1,2015-07-11
CNLP_8,CNLP_8_NW_I1,2015-07-12
CNLP_8,CNLP_8_NW_I1,2015-07-13
CNLP_8,CNLP_8_SE_H3,2015-07-08
CNLP_8,CNLP_8_SE_H3,2015-07-09
CNLP_8,CNLP_8_SE_H3,2015-07-10
CNLP_8,CNLP_8_SE_H3,2015-07-11
CNLP_8,CNLP_8_SE_H3,2015-07-12
CNLP_8,CNLP_8_SE_H3,2015-07-13
CNLP_8,CNLP_8_SW_F2,2015-07-08
CNLP_8,CNLP_8_SW_F2,2015-07-09
CNLP_8,CNLP_8_SW_F2,2015-07-10
CNLP_8,CNLP_8_SW_F2,2015-07-11
CNLP_8,CNLP_8_SW_F2,2015-07-12
CNLP_8,CNLP_8_SW_F2,2015-07-13
FTRP_1,FTRP_1_NE_BAT_013,2015-06-12
FTRP_1,FTRP_1_NE_BAT_013,2015-06-13
FTRP_1,FTRP_1_NE_BAT_013,2015-06-14
FTRP_1,FTRP_1_NE_BAT_013,2015-06-15
FTRP_1,FTRP_1_NE_BAT_013,2015-06-16
FTRP_1,FTRP_1_NE_BAT_013,2015-06-17
FTRP_1,FTRP_1_NW_988A,2015-06-12
FTRP_1,FTRP_1_NW_988A,2015-06-13
FTRP_1,FTRP_1_NW_988A,2015-06-14
FTRP_1,FTRP_1_NW_988A,2015-06-15
FTRP_1,FTRP_1_NW_988A,2015-06-16
FTRP_1,FTRP_1_NW_988A,2015-06-17
FTRP_1,FTRP_1_SE_994A,2015-06-12
FTRP_1,FTRP_1_SE_994A,2015-06-13
FTRP_1,FTRP_1_SE_994A,2015-06-14
FTRP_1,FTRP_1_SE_994A,2015-06-15
FTRP_1,FTRP_1_SE_994A,2015-06-16
FTRP_1,FTRP_1_SE_994A,2015-06-17
FTRP_1,FTRP_1_SW_BAT_027,2015-06-12
FTRP_1,FTRP_1_SW_BAT_027,2015-06-13
FTRP_1,FTRP_1_SW_BAT_027,2015-06-14
FTRP_1,FTRP_1_SW_BAT_027,2015-06-15
FTRP_1,FTRP_1_SW_BAT_027,2015-06-16
FTRP_1,FTRP_1_SW_BAT_027,2015-06-17
FTRP_5,FTRP_5_NE_BAT_035,2015-06-08
FTRP_5,FTRP_5_NE_BAT_035,2015-06-09
FTRP_5,FTRP_5_NE_BAT_035,2015-06-10
FTRP_5,FTRP_5_NE_BAT_035,2015-06-11
FTRP_5,FTRP_5_NE_BAT_035,2015-06-12
FTRP_5,FTRP_5_NE_BAT_035,2015-06-13
FTRP_5,FTRP_5_NE_BAT_035,2015-06-14
FTRP_5,FTRP_5_NW_BAT_038,2015-06-09
FTRP_5,FTRP_5_NW_BAT_038,2015-06-10
FTRP_5,FTRP_5_NW_BAT_038,2015-06-11
FTRP_5,FTRP_5_NW_BAT_038,2015-06-12
FTRP_5,FTRP_5_NW_BAT_038,2015-06-13
FTRP_5,FTRP_5_NW_BAT_038,2015-06-14
FTRP_5,FTRP_5_SE_M1,2015-06-09
FTRP_5,FTRP_5_SE_M1,2015-06-10
FTRP_5,FTRP_5_SE_M1,2015-06-11
FTRP_5,FTRP_5_SE_M1,2015-06-12
FTRP_5,FTRP_5_SE_M1,2015-06-13
FTRP_5,FTRP_5_SE_M1,2015-06-14
FTRP_5,FTRP_5_SW_L4,2015-06-09
FTRP_5,FTRP_5_SW_L4,2015-06-10
FTRP_5,FTRP_5_SW_L4,2015-06-11
FTRP_5,FTRP_5_SW_L4,2015-06-12
FTRP_5,FTRP_5_SW_L4,2015-06-13
FTRP_5,FTRP_5_SW_L4,2015-06-14
FTRP_6,FTRP_6_NE_G2,2015-06-23
FTRP_6,FTRP_6_NE_G2,2015-06-24
FTRP_6,FTRP_6_NE_G2,2015-06-25
FTRP_6,FTRP_6_NE_G2,2015-06-26
FTRP_6,FTRP_6_NE_G2,2015-06-27
FTRP_6,FTRP_6_NE_G2,2015-06-28
FTRP_6,FTRP_6_NW_I3,2015-06-23
FTRP_6,FTRP_6_NW_I3,2015-06-24
FTRP_6,FTRP_6_NW_I3,2015-06-25
FTRP_6,FTRP_6_NW_I3,2015-06-26
FTRP_6,FTRP_6_NW_I3,2015-06-27
FTRP_6,FTRP_6_NW_I3,2015-06-28
FTRP_6,FTRP_6_SE_BAT_021,2015-06-23
FTRP_6,FTRP_6_SE_BAT_021,2015-06-24
FTRP_6,FTRP_6_SE_BAT_021,2015-06-25
FTRP_6,FTRP_6_SE_BAT_021,2015-06-26
FTRP_6,FTRP_6_SE_BAT_021,2015-06-27
FTRP_6,FTRP_6_SE_BAT_021,2015-06-28
FTRP_6,FTRP_6_SW_BAT_201,2015-06-23
FTRP_6,FTRP_6_SW_BAT_201,2015-06-24
FTRP_6,FTRP_6_SW_BAT_201,2015-06-25
FTRP_6,FTRP_6_SW_BAT_201,2015-06-26
FTRP_6,FTRP_6_SW_BAT_201,2015-06-27
FTRP_6,FTRP_6_SW_BAT_201,2015-06-28
FTRP_7,FTRP_7_NE_F1,2015-06-23
FTRP_7,FTRP_7_NE_F1,2015-06-24
FTRP_7,FTRP_7_NE_F1,2015-06-25
FTRP_7,FTRP_7_NE_F1,2015-06-26
FTRP_7,FTRP_7_NE_F1,2015-06-27
FTRP_7,FTRP_7_NE_F1,2015-06-28
FTRP_7,FTRP_7_SE_BAT_208,2015-06-23
FTRP_7,FTRP_7_SE_BAT_208,2015-06-24
FTRP_7,FTRP_7_SE_BAT_208,2015-06-25
FTRP_7,FTRP_7_SE_BAT_208,2015-06-26
FTRP_7,FTRP_7_SE_BAT_208,2015-06-27
FTRP_7,FTRP_7_SE_BAT_208,2015-06-28
FTRP_7,FTRP_7_SE_BAT_208,2015-06-29
FTRP_7,FTRP_7_SW_H3,2015-06-24
FTRP_7,FTRP_7_SW_H3,2015-06-25
FTRP_7,FTRP_7_SW_H3,2015-06-26
FTRP_7,FTRP_7_SW_H3,2015-06-27
FTRP_7,FTRP_7_SW_H3,2015-06-28
FTRP_7,FTRP_7_SW_H3,2015-06-29
FTRP_8,FTRP_8_NE_BAT_202,2015-06-23
FTRP_8,FTRP_8_NE_BAT_202,2015-06-24
FTRP_8,FTRP_8_NE_BAT_202,2015-06-25
FTRP_8,FTRP_8_NE_BAT_202,2015-06-26
FTRP_8,FTRP_8_NE_BAT_202,2015-06-27
FTRP_8,FTRP_8_NE_BAT_202,2015-06-28
FTRP_8,FTRP_8_NW_BAT_047,2015-06-23
FTRP_8,FTRP_8_NW_BAT_047,2015-06-24
FTRP_8,FTRP_8_NW_BAT_047,2015-06-25
FTRP_8,FTRP_8_NW_BAT_047,2015-06-26
FTRP_8,FTRP_8_NW_BAT_047,2015-06-27
FTRP_8,FTRP_8_NW_BAT_047,2015-06-28
FTRP_8,FTRP_8_SE_BAT_012,2015-06-23
FTRP_8,FTRP_8_SE_BAT_012,2015-06-24
FTRP_8,FTRP_8_SE_BAT_012,2015-06-25
FTRP_8,FTRP_8_SE_BAT_012,2015-06-26
FTRP_8,FTRP_8_SE_BAT_012,2015-06-27
FTRP_8,FTRP_8_SE_BAT_012,2015-06-28
FTRP_8,FTRP_8_SW_BAT_016,2015-06-22
FTRP_8,FTRP_8_SW_BAT_016,2015-06-23
FTRP_8,FTRP_8_SW_BAT_016,2015-06-24
FTRP_8,FTRP_8_SW_BAT_016,2015-06-25
FTRP_8,FTRP_8_SW_BAT_016,2015-06-26
FTRP_8,FTRP_8_SW_BAT_016,2015-06-27
FTRP_8,FTRP_8_SW_BAT_016,2015-06-28
FTRP_R17,FTRP_R17_NE_BAT_037,2015-06-24
FTRP_R17,FTRP_R17_NE_BAT_037,2015-06-25
FTRP_R17,FTRP_R17_NE_BAT_037,2015-06-26
FTRP_R17,FTRP_R17_NE_BAT_037,2015-06-27
FTRP_R17,FTRP_R17_NE_BAT_037,2015-06-28
FTRP_R17,FTRP_R17_NE_BAT_037,2015-06-29
FTRP_R17,FTRP_R17_NW_BAT_041,2015-06-24
FTRP_R17,FTRP_R17_NW_BAT_041,2015-06-25
FTRP_R17,FTRP_R17_NW_BAT_041,2015-06-26
FTRP_R17,FTRP_R17_NW_BAT_041,2015-06-27
FTRP_R17,FTRP_R17_NW_BAT_041,2015-06-28
FTRP_R17,FTRP_R17_NW_BAT_041,2015-06-29
FTRP_R17,FTRP_R17_SE_BAT_043,2015-06-24
FTRP_R17,FTRP_R17_SE_BAT_043,2015-06-25
FTRP_R17,FTRP_R17_SE_BAT_043,2015-06-26
FTRP_R17,FTRP_R17_SE_BAT_043,2015-06-27
FTRP_R17,FTRP_R17_SE_BAT_043,2015-06-28
FTRP_R17,FTRP_R17_SE_BAT_043,2015-06-29
FTRP_R17,FTRP_R17_SW_I1,2015-06-24
FTRP_R17,FTRP_R17_SW_I1,2015-06-25
FTRP_R17,FTRP_R17_SW_I1,2015-06-26
FTRP_R17,FTRP_R17_SW_I1,2015-06-27
FTRP_R17,FTRP_R17_SW_I1,2015-06-28
FTRP_R17,FTRP_R17_SW_I1,2015-06-29
FTRP_R6,FTRP_R6_NE_BAT_BAT_017,2015-06-12
FTRP_R6,FTRP_R6_NE_BAT_BAT_017,2015-06-13
FTRP_R6,FTRP_R6_NE_BAT_BAT_017,2015-06-14
FTRP_R6,FTRP_R6_NE_BAT_BAT_017,2015-06-15
FTRP_R6,FTRP_R6_NE_BAT_BAT_017,2015-06-16
FTRP_R6,FTRP_R6_NE_BAT_BAT_017,2015-06-17
FTRP_R6,FTRP_R6_NW_BAT_007,2015-06-12
FTRP_R6,FTRP_R6_NW_BAT_007,2015-06-13
FTRP_R6,FTRP_R6_NW_BAT_007,2015-06-14
FTRP_R6,FTRP_R6_NW_BAT_007,2015-06-15
FTRP_R6,FTRP_R6_NW_BAT_007,2015-06-16
FTRP_R6,FTRP_R6_NW_BAT_007,2015-06-17
FTRP_R6,FTRP_R6_SE_BAT_030,2015-06-12
FTRP_R6,FTRP_R6_SE_BAT_030,2015-06-13
FTRP_R6,FTRP_R6_SE_BAT_030,2015-06-14
FTRP_R6,FTRP_R6_SE_BAT_030,2015-06-15
FTRP_R6,FTRP_R6_SE_BAT_030,2015-06-16
FTRP_R6,FTRP_R6_SE_BAT_030,2015-06-17
FTRP_R6,FTRP_R6_SW_BAT_028,2015-06-12
FTRP_R6,FTRP_R6_SW_BAT_028,2015-06-13
FTRP_R6,FTRP_R6_SW_BAT_028,2015-06-14
FTRP_R6,FTRP_R6_SW_BAT_028,2015-06-15
FTRP_R6,FTRP_R6_SW_BAT_028,2015-06-16
FTRP_R6,FTRP_R6_SW_BAT_028,2015-06-17
FTRP_R9,FTRP_R9_NE_988D,2015-06-09
FTRP_R9,FTRP_R9_NE_988D,2015-06-10
FTRP_R9,FTRP_R9_NE_988D,2015-06-11
FTRP_R9,FTRP_R9_NE_988D,2015-06-12
FTRP_R9,FTRP_R9_NE_988D,2015-06-13
FTRP_R9,FTRP_R9_NE_988D,2015-06-14
FTRP_R9,FTRP_R9_NW_001,2015-06-09
FTRP_R9,FTRP_R9_NW_001,2015-06-10
FTRP_R9,FTRP_R9_NW_001,2015-06-11
FTRP_R9,FTRP_R9_NW_001,2015-06-12
FTRP_R9,FTRP_R9_NW_001,2015-06-13
FTRP_R9,FTRP_R9_NW_001,2015-06-14
FTRP_R9,FTRP_R9_SE_BAT_032,2015-06-09
FTRP_R9,FTRP_R9_SE_BAT_032,2015-06-10
FTRP_R9,FTRP_R9_SE_BAT_032,2015-06-11
FTRP_R9,FTRP_R9_SE_BAT_032,2015-06-12
FTRP_R9,FTRP_R9_SE_BAT_032,2015-06-13
FTRP_R9,FTRP_R9_SE_BAT_032,2015-06-14
FTRP_R9,FTRP_R9_SW_BAT_039,2015-06-09
FTRP_R9,FTRP_R9_SW_BAT_039,2015-06-10
FTRP_R9,FTRP_R9_SW_BAT_039,2015-06-11
FTRP_R9,FTRP_R9_SW_BAT_039,2015-06-12
FTRP_R9,FTRP_R9_SW_BAT_039,2015-06-13
FTRP_R9,FTRP_R9_SW_BAT_039,2015-06-14
HT_2,HT_2_NE_BAT_031,2015-07-15
HT_2,HT_2_NE_BAT_031,2015-07-16
HT_2,HT_2_NE_BAT_031,2015-07-17
HT_2,HT_2_NE_BAT_031,2015-07-18
HT_2,HT_2_NE_BAT_031,2015-07-19
HT_2,HT_2_NE_BAT_031,2015-07-20
HT_2,HT_2_NW_F1,2015-07-15
HT_2,HT_2_NW_F1,2015-07-16
HT_2,HT_2_NW_F1,2015-07-17
HT_2,HT_2_NW_F1,2015-07-18
HT_2,HT_2_NW_F1,2015-07-19
HT_2,HT_2_NW_F1,2015-07-20
HT_2,HT_2_SE_N4,2015-07-15
HT_2,HT_2_SE_N4,2015-07-16
HT_2,HT_2_SE_N4,2015-07-17
HT_2,HT_2_SE_N4,2015-07-18
HT_2,HT_2_SE_N4,2015-07-19
HT_2,HT_2_SE_N4,2015-07-20
HT_2,HT_2_SW_BAT_023,2015-07-15
HT_2,HT_2_SW_BAT_023,2015-07-16
HT_2,HT_2_SW_BAT_023,2015-07-17
HT_2,HT_2_SW_BAT_023,2015-07-18
HT_2,HT_2_SW_BAT_023,2015-07-19
HT_R1,HT_R1_NE_BAT_035,2015-07-18
HT_R1,HT_R1_NE_BAT_035,2015-07-19
HT_R1,HT_R1_NE_BAT_035,2015-07-20
HT_R1,HT_R1_NE_BAT_035,2015-07-21
HT_R1,HT_R1_NE_BAT_035,2015-07-22
HT_R1,HT_R1_NE_BAT_035,2015-07-23
HT_R1,HT_R1_NW_C3,2015-07-18
HT_R1,HT_R1_NW_C3,2015-07-19
HT_R1,HT_R1_NW_C3,2015-07-20
HT_R1,HT_R1_NW_C3,2015-07-21
HT_R1,HT_R1_NW_C3,2015-07-22
HT_R1,HT_R1_NW_C3,2015-07-23
HT_R1,HT_R1_SE_BAT_207,2015-07-18
HT_R1,HT_R1_SE_BAT_207,2015-07-19
HT_R1,HT_R1_SE_BAT_207,2015-07-20
HT_R1,HT_R1_SE_BAT_207,2015-07-21
HT_R1,HT_R1_SE_BAT_207,2015-07-22
HT_R1,HT_R1_SE_BAT_207,2015-07-23
HT_R1,HT_R1_SW_BAT_033,2015-07-18
HT_R1,HT_R1_SW_BAT_033,2015-07-19
HT_R1,HT_R1_SW_BAT_033,2015-07-20
HT_R1,HT_R1_SW_BAT_033,2015-07-21
HT_R1,HT_R1_SW_BAT_033,2015-07-22
HT_R1,HT_R1_SW_BAT_033,2015-07-23
KPT_1,KPT_1_NE_BAT_019,2015-07-09
KPT_1,KPT_1_NE_BAT_019,2015-07-10
KPT_1,KPT_1_NE_BAT_019,2015-07-11
KPT_1,KPT_1_NE_BAT_019,2015-07-12
KPT_1,KPT_1_NE_BAT_019,2015-07-13
KPT_1,KPT_1_NE_BAT_019,2015-07-14
KPT_1,KPT_1_NW_E4,2015-07-09
KPT_1,KPT_1_NW_E4,2015-07-10
KPT_1,KPT_1_NW_E4,2015-07-11
KPT_1,KPT_1_NW_E4,2015-07-12
KPT_1,KPT_1_NW_E4,2015-07-13
KPT_1,KPT_1_NW_E4,2015-07-14
KPT_1,KPT_1_SE_G4,2015-07-09
KPT_1,KPT_1_SE_G4,2015-07-10
KPT_1,KPT_1_SE_G4,2015-07-11
KPT_1,KPT_1_SE_G4,2015-07-12
KPT_1,KPT_1_SE_G4,2015-07-13
KPT_1,KPT_1_SE_G4,2015-07-14
KPT_1,KPT_1_SW_994D,2015-07-09
KPT_1,KPT_1_SW_994D,2015-07-10
KPT_1,KPT_1_SW_994D,2015-07-11
KPT_1,KPT_1_SW_994D,2015-07-12
KPT_1,KPT_1_SW_994D,2015-07-13
KPT_1,KPT_1_SW_994D,2015-07-14
LA_4,LA_4_NE_L2,2015-07-14
LA_4,LA_4_NE_L2,2015-07-15
LA_4,LA_4_NE_L2,2015-07-16
LA_4,LA_4_NE_L2,2015-07-17
LA_4,LA_4_NE_L2,2015-07-18
LA_4,LA_4_NE_L2,2015-07-19
LA_4,LA_4_NW_K4,2015-07-14
LA_4,LA_4_NW_K4,2015-07-15
LA_4,LA_4_NW_K4,2015-07-16
LA_4,LA_4_NW_K4,2015-07-17
LA_4,LA_4_NW_K4,2015-07-18
LA_4,LA_4_NW_K4,2015-07-19
LA_4,LA_4_SE_BAT_101,2015-07-14
LA_4,LA_4_SE_BAT_101,2015-07-15
LA_4,LA_4_SE_BAT_101,2015-07-16
LA_4,LA_4_SE_BAT_101,2015-07-17
LA_4,LA_4_SE_BAT_101,2015-07-18
LA_4,LA_4_SE_BAT_101,2015-07-19
LA_4,LA_4_SW_J2,2015-07-14
LA_4,LA_4_SW_J2,2015-07-15
LA_4,LA_4_SW_J2,2015-07-16
LA_4,LA_4_SW_J2,2015-07-17
LA_4,LA_4_SW_J2,2015-07-18
LA_4,LA_4_SW_J2,2015-07-19
LA_7,LA_7_NW_R2C,2015-07-02
LA_7,LA_7_NW_R2C,2015-07-03
LA_7,LA_7_NW_R2C,2015-07-04
LA_7,LA_7_NW_R2C,2015-07-05
LA_7,LA_7_NW_R2C,2015-07-06
LA_7,LA_7_NW_R2C,2015-07-07
LA_7,LA_7_SE_BAT_027,2015-07-02
LA_7,LA_7_SE_BAT_027,2015-07-03
LA_7,LA_7_SE_BAT_027,2015-07-04
LA_7,LA_7_SE_BAT_027,2015-07-05
LA_7,LA_7_SE_BAT_027,2015-07-06
LA_7,LA_7_SE_BAT_027,2015-07-07
LA_7,LA_7_SW_E4,2015-07-02
LA_7,LA_7_SW_E4,2015-07-03
LA_7,LA_7_SW_E4,2015-07-04
LA_7,LA_7_SW_E4,2015-07-05
LA_7,LA_7_SW_E4,2015-07-06
LA_7,LA_7_SW_E4,2015-07-07
LA_R13,LA_R13_NE_B2,2015-07-02
LA_R13,LA_R13_NE_B2,2015-07-03
LA_R13,LA_R13_NE_B2,2015-07-04
LA_R13,LA_R13_NE_B2,2015-07-05
LA_R13,LA_R13_NE_B2,2015-07-06
LA_R13,LA_R13_NE_B2,2015-07-07
LA_R13,LA_R13_NW_BAT_042,2015-07-02
LA_R13,LA_R13_NW_BAT_042,2015-07-03
LA_R13,LA_R13_NW_BAT_042,2015-07-04
LA_R13,LA_R13_NW_BAT_042,2015-07-05
LA_R13,LA_R13_NW_BAT_042,2015-07-06
LA_R13,LA_R13_NW_BAT_042,2015-07-07
LA_R13,LA_R13_SE_994D,2015-07-02
LA_R13,LA_R13_SE_994D,2015-07-03
LA_R13,LA_R13_SE_994D,2015-07-04
LA_R13,LA_R13_SE_994D,2015-07-05
LA_R13,LA_R13_SE_994D,2015-07-06
LA_R13,LA_R13_SE_994D,2015-07-07
LA_R13,LA_R13_SW_BAT_019,2015-07-02
LA_R13,LA_R13_SW_BAT_019,2015-07-03
LA_R13,LA_R13_SW_BAT_019,2015-07-04
LA_R13,LA_R13_SW_BAT_019,2015-07-05
LA_R13,LA_R13_SW_BAT_019,2015-07-06
LA_R13,LA_R13_SW_BAT_019,2015-07-07
LA_R14,LA_R14_NE_N1,2015-06-27
LA_R14,LA_R14_NE_N1,2015-06-28
LA_R14,LA_R14_NE_N1,2015-06-29
LA_R14,LA_R14_NE_N1,2015-06-30
LA_R14,LA_R14_NE_N1,2015-07-01
LA_R14,LA_R14_NE_N1,2015-07-02
LA_R14,LA_R14_NW_I2,2015-06-27
LA_R14,LA_R14_NW_I2,2015-06-28
LA_R14,LA_R14_NW_I2,2015-06-29
LA_R14,LA_R14_NW_I2,2015-06-30
LA_R14,LA_R14_NW_I2,2015-07-01
LA_R14,LA_R14_NW_I2,2015-07-02
LA_R14,LA_R14_SE_BAT_023,2015-06-27
LA_R14,LA_R14_SE_BAT_023,2015-06-28
LA_R14,LA_R14_SE_BAT_023,2015-06-29
LA_R14,LA_R14_SE_BAT_023,2015-06-30
LA_R14,LA_R14_SE_BAT_023,2015-07-01
LA_R14,LA_R14_SE_BAT_023,2015-07-02
LA_R14,LA_R14_SW_J4,2015-06-27
LA_R14,LA_R14_SW_J4,2015-06-28
LA_R14,LA_R14_SW_J4,2015-06-29
LA_R14,LA_R14_SW_J4,2015-06-30
LA_R14,LA_R14_SW_J4,2015-07-01
LA_R14,LA_R14_SW_J4,2015-07-02
LA_R6,LA_R6_NE_M4,2015-07-01
LA_R6,LA_R6_NE_M4,2015-07-02
LA_R6,LA_R6_NE_M4,2015-07-03
LA_R6,LA_R6_NE_M4,2015-07-04
LA_R6,LA_R6_NE_M4,2015-07-05
LA_R6,LA_R6_NE_M4,2015-07-06
LA_R6,LA_R6_NW_001,2015-07-01
LA_R6,LA_R6_NW_001,2015-07-02
LA_R6,LA_R6_NW_001,2015-07-03
LA_R6,LA_R6_NW_001,2015-07-04
LA_R6,LA_R6_NW_001,2015-07-05
LA_R6,LA_R6_NW_001,2015-07-06
LA_R6,LA_R6_NW_001,2015-07-07
LA_R6,LA_R6_SE_G4,2015-07-01
LA_R6,LA_R6_SE_G4,2015-07-02
LA_R6,LA_R6_SE_G4,2015-07-03
LA_R6,LA_R6_SE_G4,2015-07-04
LA_R6,LA_R6_SE_G4,2015-07-05
LA_R6,LA_R6_SE_G4,2015-07-06
LA_R6,LA_R6_SE_G4,2015-07-07
LA_R6,LA_R6_SW_BAT_033,2015-07-01
LA_R6,LA_R6_SW_BAT_033,2015-07-02
LA_R6,LA_R6_SW_BAT_033,2015-07-03
LA_R6,LA_R6_SW_BAT_033,2015-07-04
LA_R6,LA_R6_SW_BAT_033,2015-07-05
LA_R6,LA_R6_SW_BAT_033,2015-07-06
LA_R6,LA_R6_SW_BAT_033,2015-07-07
LAGDH_1,LAGDH_1_NE_BAT_010,2015-07-24
LAGDH_1,LAGDH_1_NE_BAT_010,2015-07-25
LAGDH_1,LAGDH_1_NE_BAT_010,2015-07-26
LAGDH_1,LAGDH_1_NE_BAT_010,2015-07-27
LAGDH_1,LAGDH_1_NE_BAT_010,2015-07-28
LAGDH_1,LAGDH_1_NE_BAT_010,2015-07-29
LAGDH_1,LAGDH_1_NW_988C,2015-07-24
LAGDH_1,LAGDH_1_NW_988C,2015-07-25
LAGDH_1,LAGDH_1_NW_988C,2015-07-26
LAGDH_1,LAGDH_1_NW_988C,2015-07-27
LAGDH_1,LAGDH_1_NW_988C,2015-07-28
LAGDH_1,LAGDH_1_NW_988C,2015-07-29
LAGDH_1,LAGDH_1_SE_M2,2015-07-24
LAGDH_1,LAGDH_1_SE_M2,2015-07-25
LAGDH_1,LAGDH_1_SE_M2,2015-07-26
LAGDH_1,LAGDH_1_SE_M2,2015-07-27
LAGDH_1,LAGDH_1_SE_M2,2015-07-28
LAGDH_1,LAGDH_1_SE_M2,2015-07-29
LAGDH_1,LAGDH_1_SW_BAT_005,2015-07-24
LAGDH_1,LAGDH_1_SW_BAT_005,2015-07-25
LAGDH_1,LAGDH_1_SW_BAT_005,2015-07-26
LAGDH_1,LAGDH_1_SW_BAT_005,2015-07-27
LAGDH_1,LAGDH_1_SW_BAT_005,2015-07-28
LAGDH_1,LAGDH_1_SW_BAT_005,2015-07-29
LAGDH_2,LAGDH_2_NW_BAT_027,2015-07-26
LAGDH_2,LAGDH_2_NW_BAT_027,2015-07-27
LAGDH_2,LAGDH_2_NW_BAT_027,2015-07-28
LAGDH_2,LAGDH_2_NW_BAT_027,2015-07-29
LAGDH_2,LAGDH_2_NW_BAT_027,2015-07-30
LAGDH_2,LAGDH_2_NW_BAT_027,2015-07-31
LAGDH_2,LAGDH_2_SW_L4,2015-07-26
LAGDH_2,LAGDH_2_SW_L4,2015-07-27
LAGDH_2,LAGDH_2_SW_L4,2015-07-28
LAGDH_2,LAGDH_2_SW_L4,2015-07-29
LAGDH_2,LAGDH_2_SW_L4,2015-07-30
LAGDH_2,LAGDH_2_SW_L4,2015-07-31
LAGDH_3,LAGDH_3_NE_987C,2015-06-08
LAGDH_3,LAGDH_3_NE_987C,2015-06-09
LAGDH_3,LAGDH_3_NE_987C,2015-06-10
LAGDH_3,LAGDH_3_NE_987C,2015-06-11
LAGDH_3,LAGDH_3_NE_987C,2015-06-12
LAGDH_3,LAGDH_3_NE_987C,2015-06-13
LAGDH_3,LAGDH_3_NW_1002D,2015-06-08
LAGDH_3,LAGDH_3_NW_1002D,2015-06-09
LAGDH_3,LAGDH_3_NW_1002D,2015-06-10
LAGDH_3,LAGDH_3_NW_1002D,2015-06-11
LAGDH_3,LAGDH_3_NW_1002D,2015-06-12
LAGDH_3,LAGDH_3_NW_1002D,2015-06-13
LAGDH_3,LAGDH_3_SE_988B,2015-06-08
LAGDH_3,LAGDH_3_SE_988B,2015-06-09
LAGDH_3,LAGDH_3_SE_988B,2015-06-10
LAGDH_3,LAGDH_3_SE_988B,2015-06-11
LAGDH_3,LAGDH_3_SE_988B,2015-06-12
LAGDH_3,LAGDH_3_SE_988B,2015-06-13
LAGDH_3,LAGDH_3_SW_987A,2015-06-08
LAGDH_3,LAGDH_3_SW_987A,2015-06-09
LAGDH_3,LAGDH_3_SW_987A,2015-06-10
LAGDH_3,LAGDH_3_SW_987A,2015-06-11
LAGDH_3,LAGDH_3_SW_987A,2015-06-12
LAGDH_3,LAGDH_3_SW_987A,2015-06-13
LAGDH_4,LAGDH_4_NE_L11,2015-06-02
LAGDH_4,LAGDH_4_NE_L11,2015-06-03
LAGDH_4,LAGDH_4_NE_L11,2015-06-04
LAGDH_4,LAGDH_4_NE_L11,2015-06-05
LAGDH_4,LAGDH_4_NE_L11,2015-06-06
LAGDH_4,LAGDH_4_NE_L11,2015-06-07
LAGDH_4,LAGDH_4_NW_L12,2015-06-02
LAGDH_4,LAGDH_4_NW_L12,2015-06-03
LAGDH_4,LAGDH_4_NW_L12,2015-06-04
LAGDH_4,LAGDH_4_NW_L12,2015-06-05
LAGDH_4,LAGDH_4_NW_L12,2015-06-06
LAGDH_4,LAGDH_4_NW_L12,2015-06-07
LAGDH_4,LAGDH_4_SE_L14,2015-06-02
LAGDH_4,LAGDH_4_SE_L14,2015-06-03
LAGDH_4,LAGDH_4_SE_L14,2015-06-04
LAGDH_4,LAGDH_4_SE_L14,2015-06-05
LAGDH_4,LAGDH_4_SE_L14,2015-06-06
LAGDH_4,LAGDH_4_SE_L14,2015-06-07
LAGDH_4,LAGDH_4_SW_L13,2015-06-02
LAGDH_4,LAGDH_4_SW_L13,2015-06-03
LAGDH_4,LAGDH_4_SW_L13,2015-06-04
LAGDH_4,LAGDH_4_SW_L13,2015-06-05
LAGDH_4,LAGDH_4_SW_L13,2015-06-06
LAGDH_4,LAGDH_4_SW_L13,2015-06-07
LPAP_1,LPAP_1_NE_1002B,2015-07-23
LPAP_1,LPAP_1_NE_1002B,2015-07-24
LPAP_1,LPAP_1_NE_1002B,2015-07-25
LPAP_1,LPAP_1_NE_1002B,2015-07-26
LPAP_1,LPAP_1_NE_1002B,2015-07-27
LPAP_1,LPAP_1_NE_1002B,2015-07-28
LPAP_1,LPAP_1_NE_1002B,2015-07-29
LPAP_1,LPAP_1_NE_1002B,2015-07-30
LPAP_1,LPAP_1_NE_1002B,2015-07-31
LPAP_1,LPAP_1_NE_1002B,2015-08-01
LPAP_1,LPAP_1_NE_1002B,2015-08-02
LPAP_1,LPAP_1_NW_1002C,2015-07-23
LPAP_1,LPAP_1_NW_1002C,2015-07-24
LPAP_1,LPAP_1_NW_1002C,2015-07-25
LPAP_1,LPAP_1_NW_1002C,2015-07-26
LPAP_1,LPAP_1_NW_1002C,2015-07-27
LPAP_1,LPAP_1_NW_1002C,2015-07-28
LPAP_1,LPAP_1_NW_1002C,2015-07-29
LPAP_1,LPAP_1_NW_1002C,2015-07-30
LPAP_1,LPAP_1_NW_1002C,2015-07-31
LPAP_1,LPAP_1_NW_1002C,2015-08-01
LPAP_1,LPAP_1_SE_1004B,2015-07-23
LPAP_1,LPAP_1_SE_1004B,2015-07-24
LPAP_1,LPAP_1_SE_1004B,2015-07-25
LPAP_1,LPAP_1_SE_1004B,2015-07-26
LPAP_1,LPAP_1_SE_1004B,2015-07-27
LPAP_1,LPAP_1_SE_1004B,2015-07-28
LPAP_1,LPAP_1_SE_1004B,2015-07-29
LPAP_1,LPAP_1_SE_1004B,2015-07-30
LPAP_1,LPAP_1_SE_1004B,2015-07-31
LPAP_1,LPAP_1_SE_1004B,2015-08-01
LPAP_1,LPAP_1_SE_1004B,2015-08-02
MAP_R2,MAP_R2_NE_E4,2015-07-23
MAP_R2,MAP_R2_NE_E4,2015-07-24
MAP_R2,MAP_R2_NE_E4,2015-07-25
MAP_R2,MAP_R2_NE_E4,2015-07-26
MAP_R2,MAP_R2_NE_E4,2015-07-27
MAP_R2,MAP_R2_NW_BAT_019,2015-07-23
MAP_R2,MAP_R2_NW_BAT_019,2015-07-24
MAP_R2,MAP_R2_NW_BAT_019,2015-07-25
MAP_R2,MAP_R2_NW_BAT_019,2015-07-26
MAP_R2,MAP_R2_NW_BAT_019,2015-07-27
MAP_R2,MAP_R2_NW_BAT_019,2015-07-28
MRP_1,MRP_1_NE_F2,2015-08-06
MRP_1,MRP_1_NE_F2,2015-08-07
MRP_1,MRP_1_NE_F2,2015-08-08
MRP_1,MRP_1_NE_F2,2015-08-09
MRP_1,MRP_1_NE_F2,2015-08-10
MRP_1,MRP_1_NE_F2,2015-08-11
MRP_1,MRP_1_NE_F2,2015-08-12
MRP_1,MRP_1_NE_F2,2015-08-13
MRP_1,MRP_1_SE_L2,2015-08-06
MRP_1,MRP_1_SE_L2,2015-08-07
MRP_1,MRP_1_SE_L2,2015-08-08
MRP_1,MRP_1_SE_L2,2015-08-09
MRP_1,MRP_1_SE_L2,2015-08-10
MRP_1,MRP_1_SE_L2,2015-08-11
MRP_1,MRP_1_SE_L2,2015-08-12
MRP_1,MRP_1_SE_L2,2015-08-13
MRP_2,MRP_2_NE_D1,2015-08-03
MRP_2,MRP_2_NE_D1,2015-08-04
MRP_2,MRP_2_NE_D1,2015-08-05
MRP_2,MRP_2_NE_D1,2015-08-06
MRP_2,MRP_2_NE_D1,2015-08-07
MRP_2,MRP_2_NE_D1,2015-08-08
MRP_2,MRP_2_NW_K1,2015-08-03
MRP_2,MRP_2_NW_K1,2015-08-04
MRP_2,MRP_2_NW_K1,2015-08-05
MRP_2,MRP_2_NW_K1,2015-08-06
MRP_2,MRP_2_NW_K1,2015-08-07
MRP_2,MRP_2_NW_K1,2015-08-08
MRP_2,MRP_2_SE_B3,2015-08-03
MRP_2,MRP_2_SE_B3,2015-08-04
MRP_2,MRP_2_SE_B3,2015-08-05
MRP_2,MRP_2_SE_B3,2015-08-06
MRP_2,MRP_2_SE_B3,2015-08-07
MRP_2,MRP_2_SE_B3,2015-08-08
MRP_2,MRP_2_SW_BAT_017,2015-08-03
MRP_2,MRP_2_SW_BAT_017,2015-08-04
MRP_2,MRP_2_SW_BAT_017,2015-08-05
MRP_2,MRP_2_SW_BAT_017,2015-08-06
MRP_2,MRP_2_SW_BAT_017,2015-08-07
MRP_2,MRP_2_SW_BAT_017,2015-08-08
NLH_1,NLH_1_NE_BAT_012,2015-07-26
NLH_1,NLH_1_NE_BAT_012,2015-07-27
NLH_1,NLH_1_NE_BAT_012,2015-07-28
NLH_1,NLH_1_NE_BAT_012,2015-07-29
NLH_1,NLH_1_NE_BAT_012,2015-07-30
NLH_1,NLH_1_NE_BAT_012,2015-07-31
NLH_1,NLH_1_NW_BAT_206,2015-07-26
NLH_1,NLH_1_NW_BAT_206,2015-07-27
NLH_1,NLH_1_NW_BAT_206,2015-07-28
NLH_1,NLH_1_NW_BAT_206,2015-07-29
NLH_1,NLH_1_NW_BAT_206,2015-07-30
NLH_1,NLH_1_NW_BAT_206,2015-07-31
NLH_1,NLH_1_SE_J4,2015-07-26
NLH_1,NLH_1_SE_J4,2015-07-27
NLH_1,NLH_1_SE_J4,2015-07-28
NLH_1,NLH_1_SE_J4,2015-07-29
NLH_1,NLH_1_SE_J4,2015-07-30
NLH_1,NLH_1_SE_J4,2015-07-31
NLH_1,NLH_1_SW_BAT_024,2015-07-26
NLH_1,NLH_1_SW_BAT_024,2015-07-27
NLH_1,NLH_1_SW_BAT_024,2015-07-28
NLH_1,NLH_1_SW_BAT_024,2015-07-29
NLH_1,NLH_1_SW_BAT_024,2015-07-30
NLH_1,NLH_1_SW_BAT_024,2015-07-31
NLH_2,NLH_2_NE_987A,2015-07-13
NLH_2,NLH_2_NE_987A,2015-07-14
NLH_2,NLH_2_NE_987A,2015-07-15
NLH_2,NLH_2_NE_987A,2015-07-16
NLH_2,NLH_2_NE_987A,2015-07-17
NLH_2,NLH_2_NE_987A,2015-07-18
NLH_2,NLH_2_NE_987A,2015-07-19
NLH_2,NLH_2_NE_987A,2015-07-20
NLH_2,NLH_2_NE_987A,2015-07-21
NLH_2,NLH_2_NE_987A,2015-07-22
NLH_2,NLH_2_NW_994C,2015-07-13
NLH_2,NLH_2_NW_994C,2015-07-14
NLH_2,NLH_2_NW_994C,2015-07-15
NLH_2,NLH_2_NW_994C,2015-07-16
NLH_2,NLH_2_NW_994C,2015-07-17
NLH_2,NLH_2_NW_994C,2015-07-18
NLH_2,NLH_2_NW_994C,2015-07-19
NLH_2,NLH_2_NW_994C,2015-07-20
NLH_2,NLH_2_NW_994C,2015-07-21
NLH_2,NLH_2_NW_994C,2015-07-22
NLH_2,NLH_2_SE_987D,2015-07-13
NLH_2,NLH_2_SE_987D,2015-07-14
NLH_2,NLH_2_SE_987D,2015-07-15
NLH_2,NLH_2_SE_987D,2015-07-16
NLH_2,NLH_2_SE_987D,2015-07-17
NLH_2,NLH_2_SE_987D,2015-07-18
NLH_2,NLH_2_SE_987D,2015-07-19
NLH_2,NLH_2_SE_987D,2015-07-20
NLH_2,NLH_2_SW_988B,2015-07-13
NLH_2,NLH_2_SW_988B,2015-07-14
NLH_2,NLH_2_SW_988B,2015-07-15
NLH_2,NLH_2_SW_988B,2015-07-16
NLH_2,NLH_2_SW_988B,2015-07-17
NLH_2,NLH_2_SW_988B,2015-07-18
NLH_2,NLH_2_SW_988B,2015-07-19
NLH_2,NLH_2_SW_988B,2015-07-20
NLH_2,NLH_2_SW_988B,2015-07-21
NLH_2,NLH_2_SW_988B,2015-07-22
NLH_3,NLH_3_NE_BAT_042,2015-07-23
NLH_3,NLH_3_NE_BAT_042,2015-07-24
NLH_3,NLH_3_NE_BAT_042,2015-07-25
NLH_3,NLH_3_NE_BAT_042,2015-07-26
NLH_3,NLH_3_NE_BAT_042,2015-07-27
NLH_3,NLH_3_NE_BAT_042,2015-07-28
NLH_3,NLH_3_NW_BAT_103,2015-07-23
NLH_3,NLH_3_NW_BAT_103,2015-07-24
NLH_3,NLH_3_NW_BAT_103,2015-07-25
NLH_3,NLH_3_NW_BAT_103,2015-07-26
NLH_3,NLH_3_NW_BAT_103,2015-07-27
NLH_3,NLH_3_NW_BAT_103,2015-07-28
NLH_3,NLH_3_SE_988A,2015-07-23
NLH_3,NLH_3_SE_988A,2015-07-24
NLH_3,NLH_3_SE_988A,2015-07-25
NLH_3,NLH_3_SE_988A,2015-07-26
NLH_3,NLH_3_SE_988A,2015-07-27
NLH_3,NLH_3_SE_988A,2015-07-28
NLH_3,NLH_3_SW_I2,2015-07-23
NLH_3,NLH_3_SW_I2,2015-07-24
NLH_3,NLH_3_SW_I2,2015-07-25
NLH_3,NLH_3_SW_I2,2015-07-26
NLH_3,NLH_3_SW_I2,2015-07-27
NLH_3,NLH_3_SW_I2,2015-07-28
NNLH_1,NNLH_1_NE_L12,2015-07-07
NNLH_1,NNLH_1_NE_L12,2015-07-08
NNLH_1,NNLH_1_NE_L12,2015-07-09
NNLH_1,NNLH_1_NE_L12,2015-07-10
NNLH_1,NNLH_1_NE_L12,2015-07-11
NNLH_1,NNLH_1_NE_L12,2015-07-12
NNLH_1,NNLH_1_NW_L13,2015-07-07
NNLH_1,NNLH_1_NW_L13,2015-07-08
NNLH_1,NNLH_1_NW_L13,2015-07-09
NNLH_1,NNLH_1_NW_L13,2015-07-10
NNLH_1,NNLH_1_NW_L13,2015-07-11
NNLH_1,NNLH_1_NW_L13,2015-07-12
NNLH_1,NNLH_1_SE_L14,2015-07-07
NNLH_1,NNLH_1_SE_L14,2015-07-08
NNLH_1,NNLH_1_SE_L14,2015-07-09
NNLH_1,NNLH_1_SE_L14,2015-07-10
NNLH_1,NNLH_1_SE_L14,2015-07-11
NNLH_1,NNLH_1_SE_L14,2015-07-12
NNLH_1,NNLH_1_SW_L11,2015-07-07
NNLH_1,NNLH_1_SW_L11,2015-07-08
NNLH_1,NNLH_1_SW_L11,2015-07-09
NNLH_1,NNLH_1_SW_L11,2015-07-10
NNLH_1,NNLH_1_SW_L11,2015-07-11
NNLH_1,NNLH_1_SW_L11,2015-07-12
NNLH_5,NNLH_5_NE_BAT_043,2015-07-22
NNLH_5,NNLH_5_NE_BAT_043,2015-07-23
NNLH_5,NNLH_5_NE_BAT_043,2015-07-24
NNLH_5,NNLH_5_NE_BAT_043,2015-07-25
NNLH_5,NNLH_5_NE_BAT_043,2015-07-26
NNLH_5,NNLH_5_NE_BAT_043,2015-07-27
NNLH_5,NNLH_5_NW_BAT_208,2015-07-22
NNLH_5,NNLH_5_NW_BAT_208,2015-07-23
NNLH_5,NNLH_5_NW_BAT_208,2015-07-24
NNLH_5,NNLH_5_NW_BAT_208,2015-07-25
NNLH_5,NNLH_5_NW_BAT_208,2015-07-26
NNLH_5,NNLH_5_NW_BAT_208,2015-07-27
NNLH_5,NNLH_5_SE_I4,2015-07-22
NNLH_5,NNLH_5_SE_I4,2015-07-23
NNLH_5,NNLH_5_SE_I4,2015-07-24
NNLH_5,NNLH_5_SE_I4,2015-07-25
NNLH_5,NNLH_5_SE_I4,2015-07-26
NNLH_5,NNLH_5_SE_I4,2015-07-27
NNLH_5,NNLH_5_SW_BAT_038,2015-07-22
NNLH_5,NNLH_5_SW_BAT_038,2015-07-23
NNLH_5,NNLH_5_SW_BAT_038,2015-07-24
NNLH_5,NNLH_5_SW_BAT_038,2015-07-25
NNLH_5,NNLH_5_SW_BAT_038,2015-07-26
NNLH_5,NNLH_5_SW_BAT_038,2015-07-27
NNLH_6,NNLH_6_NE_G4,2015-07-22
NNLH_6,NNLH_6_NE_G4,2015-07-23
NNLH_6,NNLH_6_NE_G4,2015-07-24
NNLH_6,NNLH_6_NE_G4,2015-07-25
NNLH_6,NNLH_6_NE_G4,2015-07-26
NNLH_6,NNLH_6_NE_G4,2015-07-27
NNLH_6,NNLH_6_NW_994B,2015-07-22
NNLH_6,NNLH_6_NW_994B,2015-07-23
NNLH_6,NNLH_6_NW_994B,2015-07-24
NNLH_6,NNLH_6_NW_994B,2015-07-25
NNLH_6,NNLH_6_NW_994B,2015-07-26
NNLH_6,NNLH_6_NW_994B,2015-07-27
NNLH_6,NNLH_6_SE_E1,2015-07-22
NNLH_6,NNLH_6_SE_E1,2015-07-23
NNLH_6,NNLH_6_SE_E1,2015-07-24
NNLH_6,NNLH_6_SE_E1,2015-07-25
NNLH_6,NNLH_6_SE_E1,2015-07-26
NNLH_6,NNLH_6_SE_E1,2015-07-27
NNLH_6,NNLH_6_SW_BAT_002,2015-07-22
NNLH_6,NNLH_6_SW_BAT_002,2015-07-23
NNLH_6,NNLH_6_SW_BAT_002,2015-07-24
NNLH_6,NNLH_6_SW_BAT_002,2015-07-25
NNLH_6,NNLH_6_SW_BAT_002,2015-07-26
NNLH_6,NNLH_6_SW_BAT_002,2015-07-27
NNLH_7,NNLH_7_NE_BAT_202,2015-07-21
NNLH_7,NNLH_7_NE_BAT_202,2015-07-22
NNLH_7,NNLH_7_NE_BAT_202,2015-07-23
NNLH_7,NNLH_7_NE_BAT_202,2015-07-24
NNLH_7,NNLH_7_NE_BAT_202,2015-07-25
NNLH_7,NNLH_7_NE_BAT_202,2015-07-26
NNLH_7,NNLH_7_NW_K3,2015-07-21
NNLH_7,NNLH_7_NW_K3,2015-07-22
NNLH_7,NNLH_7_NW_K3,2015-07-23
NNLH_7,NNLH_7_NW_K3,2015-07-24
NNLH_7,NNLH_7_NW_K3,2015-07-25
NNLH_7,NNLH_7_NW_K3,2015-07-26
NNLH_7,NNLH_7_SE_I3,2015-07-21
NNLH_7,NNLH_7_SE_I3,2015-07-22
NNLH_7,NNLH_7_SE_I3,2015-07-23
NNLH_7,NNLH_7_SE_I3,2015-07-24
NNLH_7,NNLH_7_SE_I3,2015-07-25
NNLH_7,NNLH_7_SE_I3,2015-07-26
NNLH_7,NNLH_7_SW_H3,2015-07-21
NNLH_7,NNLH_7_SW_H3,2015-07-22
NNLH_7,NNLH_7_SW_H3,2015-07-23
NNLH_7,NNLH_7_SW_H3,2015-07-24
NNLH_7,NNLH_7_SW_H3,2015-07-25
NNLH_7,NNLH_7_SW_H3,2015-07-26
NNLH_8,NNLH_8_NE_E2,2015-07-22
NNLH_8,NNLH_8_NE_E2,2015-07-23
NNLH_8,NNLH_8_NE_E2,2015-07-24
NNLH_8,NNLH_8_NE_E2,2015-07-25
NNLH_8,NNLH_8_NE_E2,2015-07-26
NNLH_8,NNLH_8_NE_E2,2015-07-27
NNLH_8,NNLH_8_NW_BAT_209,2015-07-22
NNLH_8,NNLH_8_NW_BAT_209,2015-07-23
NNLH_8,NNLH_8_NW_BAT_209,2015-07-24
NNLH_8,NNLH_8_NW_BAT_209,2015-07-25
NNLH_8,NNLH_8_NW_BAT_209,2015-07-26
NNLH_8,NNLH_8_NW_BAT_209,2015-07-27
NNLH_8,NNLH_8_SE_BAT_003,2015-07-22
NNLH_8,NNLH_8_SE_BAT_003,2015-07-23
NNLH_8,NNLH_8_SE_BAT_003,2015-07-24
NNLH_8,NNLH_8_SE_BAT_003,2015-07-25
NNLH_8,NNLH_8_SE_BAT_003,2015-07-26
NNLH_8,NNLH_8_SE_BAT_003,2015-07-27
NNLH_8,NNLH_8_SW_BAT_006,2015-07-22
NNLH_8,NNLH_8_SW_BAT_006,2015-07-23
NNLH_8,NNLH_8_SW_BAT_006,2015-07-24
NNLH_8,NNLH_8_SW_BAT_006,2015-07-25
NNLH_8,NNLH_8_SW_BAT_006,2015-07-26
NNLH_8,NNLH_8_SW_BAT_006,2015-07-27
NRB_1,NRB_1_NE_E2,2015-07-09
NRB_1,NRB_1_NE_E2,2015-07-10
NRB_1,NRB_1_NE_E2,2015-07-11
NRB_1,NRB_1_NE_E2,2015-07-12
NRB_1,NRB_1_NE_E2,2015-07-13
NRB_1,NRB_1_NE_E2,2015-07-14
NRB_1,NRB_1_NW_BAT_027,2015-07-09
NRB_1,NRB_1_NW_BAT_027,2015-07-10
NRB_1,NRB_1_NW_BAT_027,2015-07-11
NRB_1,NRB_1_NW_BAT_027,2015-07-12
NRB_1,NRB_1_NW_BAT_027,2015-07-13
NRB_1,NRB_1_NW_BAT_027,2015-07-14
NRB_1,NRB_1_SE_BAT_042,2015-07-09
NRB_1,NRB_1_SE_BAT_042,2015-07-10
NRB_1,NRB_1_SE_BAT_042,2015-07-11
NRB_1,NRB_1_SE_BAT_042,2015-07-12
NRB_1,NRB_1_SE_BAT_042,2015-07-13
NRB_1,NRB_1_SE_BAT_042,2015-07-14
NRB_1,NRB_1_SW_I2,2015-07-09
NRB_1,NRB_1_SW_I2,2015-07-10
NRB_1,NRB_1_SW_I2,2015-07-11
NRB_1,NRB_1_SW_I2,2015-07-12
NRB_1,NRB_1_SW_I2,2015-07-13
NRB_1,NRB_1_SW_I2,2015-07-14
PBAH_1,PBAH_1_NE_I3,2015-06-17
PBAH_1,PBAH_1_NE_I3,2015-06-18
PBAH_1,PBAH_1_NE_I3,2015-06-19
PBAH_1,PBAH_1_NE_I3,2015-06-20
PBAH_1,PBAH_1_NE_I3,2015-06-21
PBAH_1,PBAH_1_NW_BAT_043,2015-06-16
PBAH_1,PBAH_1_NW_BAT_043,2015-06-17
PBAH_1,PBAH_1_NW_BAT_043,2015-06-18
PBAH_1,PBAH_1_NW_BAT_043,2015-06-19
PBAH_1,PBAH_1_NW_BAT_043,2015-06-20
PBAH_1,PBAH_1_NW_BAT_043,2015-06-21
PBAH_1,PBAH_1_SE_BAT_201,2015-06-17
PBAH_1,PBAH_1_SE_BAT_201,2015-06-18
PBAH_1,PBAH_1_SE_BAT_201,2015-06-19
PBAH_1,PBAH_1_SE_BAT_201,2015-06-20
PBAH_1,PBAH_1_SE_BAT_201,2015-06-21
PBAH_1,PBAH_1_SW_E1,2015-06-16
PBAH_1,PBAH_1_SW_E1,2015-06-17
PBAH_1,PBAH_1_SW_E1,2015-06-18
PBAH_1,PBAH_1_SW_E1,2015-06-19
PBAH_1,PBAH_1_SW_E1,2015-06-20
PBAH_1,PBAH_1_SW_E1,2015-06-21
PBAH_2,PBAH_2_NE_BAT_036,2015-06-08
PBAH_2,PBAH_2_NE_BAT_036,2015-06-09
PBAH_2,PBAH_2_NE_BAT_036,2015-06-10
PBAH_2,PBAH_2_NE_BAT_036,2015-06-11
PBAH_2,PBAH_2_NE_BAT_036,2015-06-12
PBAH_2,PBAH_2_NE_BAT_036,2015-06-13
PBAH_2,PBAH_2_NE_BAT_036,2015-06-14
PBAH_2,PBAH_2_NW_BAT_024,2015-06-07
PBAH_2,PBAH_2_NW_BAT_024,2015-06-08
PBAH_2,PBAH_2_NW_BAT_024,2015-06-09
PBAH_2,PBAH_2_NW_BAT_024,2015-06-10
PBAH_2,PBAH_2_NW_BAT_024,2015-06-11
PBAH_2,PBAH_2_NW_BAT_024,2015-06-12
PBAH_2,PBAH_2_NW_BAT_024,2015-06-13
PBAH_2,PBAH_2_NW_BAT_024,2015-06-14
PBAH_2,PBAH_2_SE_D2,2015-06-08
PBAH_2,PBAH_2_SE_D2,2015-06-09
PBAH_2,PBAH_2_SE_D2,2015-06-10
PBAH_2,PBAH_2_SE_D2,2015-06-11
PBAH_2,PBAH_2_SE_D2,2015-06-12
PBAH_2,PBAH_2_SE_D2,2015-06-13
PBAH_2,PBAH_2_SE_D2,2015-06-14
PBAH_2,PBAH_2_SW_N3,2015-06-08
PBAH_2,PBAH_2_SW_N3,2015-06-09
PBAH_2,PBAH_2_SW_N3,2015-06-10
PBAH_2,PBAH_2_SW_N3,2015-06-11
PBAH_2,PBAH_2_SW_N3,2015-06-12
PBAH_2,PBAH_2_SW_N3,2015-06-13
PBAH_2,PBAH_2_SW_N3,2015-06-14
PP_1,PP1_NE_R2C,2015-07-17
PP_1,PP1_NE_R2C,2015-07-18
PP_1,PP1_NE_R2C,2015-07-19
PP_1,PP1_NE_R2C,2015-07-20
PP_1,PP1_NE_R2C,2015-07-21
PP_1,PP1_NE_R2C,2015-07-22
PP_1,PP1_NW_B2,2015-07-17
PP_1,PP1_NW_B2,2015-07-18
PP_1,PP1_NW_B2,2015-07-19
PP_1,PP1_NW_B2,2015-07-20
PP_1,PP1_NW_B2,2015-07-21
PP_1,PP1_NW_B2,2015-07-22
PP_1,PP1_SE_C4,2015-07-17
PP_1,PP1_SE_C4,2015-07-18
PP_1,PP1_SE_C4,2015-07-19
PP_1,PP1_SE_C4,2015-07-20
PP_1,PP1_SE_C4,2015-07-21
PP_1,PP1_SE_C4,2015-07-22
PP_1,PP1_SW_988D,2015-07-17
PP_1,PP1_SW_988D,2015-07-18
PP_1,PP1_SW_988D,2015-07-19
PP_1,PP1_SW_988D,2015-07-20
PP_1,PP1_SW_988D,2015-07-21
PP_1,PP1_SW_988D,2015-07-22
PRE_1,PRE_1_NE_E3,2015-07-06
PRE_1,PRE_1_NE_E3,2015-07-07
PRE_1,PRE_1_NE_E3,2015-07-08
PRE_1,PRE_1_NE_E3,2015-07-09
PRE_1,PRE_1_NE_E3,2015-07-10
PRE_1,PRE_1_NE_E3,2015-07-11
PRE_1,PRE_1_NW_BAT_204,2015-07-06
PRE_1,PRE_1_NW_BAT_204,2015-07-07
PRE_1,PRE_1_NW_BAT_204,2015-07-08
PRE_1,PRE_1_NW_BAT_204,2015-07-09
PRE_1,PRE_1_NW_BAT_204,2015-07-10
PRE_1,PRE_1_NW_BAT_204,2015-07-11
PRE_1,PRE_1_SW_BAT_039,2015-07-06
PRE_1,PRE_1_SW_BAT_039,2015-07-07
PRE_1,PRE_1_SW_BAT_039,2015-07-08
PRE_1,PRE_1_SW_BAT_039,2015-07-09
PRE_1,PRE_1_SW_BAT_039,2015-07-10
PRE_1,PRE_1_SW_BAT_039,2015-07-11
PRE_1,PRE_SE_F4,2015-07-06
PRE_1,PRE_SE_F4,2015-07-07
PRE_1,PRE_SE_F4,2015-07-08
PRE_1,PRE_SE_F4,2015-07-09
PRE_1,PRE_SE_F4,2015-07-10
PRE_1,PRE_SE_F4,2015-07-11
PRE_2,PRE_2_NE_BAT_024,2015-06-30
PRE_2,PRE_2_NE_BAT_024,2015-07-01
PRE_2,PRE_2_NE_BAT_024,2015-07-02
PRE_2,PRE_2_NE_BAT_024,2015-07-03
PRE_2,PRE_2_NE_BAT_024,2015-07-04
PRE_2,PRE_2_NE_BAT_024,2015-07-05
PRE_2,PRE_2_NE_BAT_024,2015-07-06
PRE_2,PRE_2_NW_BAT_035,2015-06-30
PRE_2,PRE_2_NW_BAT_035,2015-07-01
PRE_2,PRE_2_SE_BAT_036,2015-06-30
PRE_2,PRE_2_SE_BAT_036,2015-07-01
PRE_2,PRE_2_SE_BAT_036,2015-07-02
PRE_2,PRE_2_SE_BAT_036,2015-07-03
PRE_2,PRE_2_SE_BAT_036,2015-07-04
PRE_2,PRE_2_SE_BAT_036,2015-07-05
PRE_2,PRE_2_SE_BAT_036,2015-07-06
PRE_2,PRE_2_SW_988D,2015-06-30
PRE_2,PRE_2_SW_988D,2015-07-01
PRE_2,PRE_2_SW_988D,2015-07-02
PRE_2,PRE_2_SW_988D,2015-07-03
PRE_2,PRE_2_SW_988D,2015-07-04
PRE_2,PRE_2_SW_988D,2015-07-05
PRE_2,PRE_2_SW_988D,2015-07-06
PRV_1,PRV_1_NE_BAT_043,2015-06-01
PRV_1,PRV_1_NE_BAT_043,2015-06-02
PRV_1,PRV_1_NE_BAT_043,2015-06-03
PRV_1,PRV_1_NE_BAT_043,2015-06-04
PRV_1,PRV_1_NE_BAT_043,2015-06-05
PRV_1,PRV_1_NE_BAT_043,2015-06-06
PRV_1,PRV_1_NE_BAT_043,2015-06-07
PRV_1,PRV_1_NW_BAT_045,2015-06-01
PRV_1,PRV_1_NW_BAT_045,2015-06-02
PRV_1,PRV_1_NW_BAT_045,2015-06-03
PRV_1,PRV_1_SE_BAT_040,2015-06-01
PRV_1,PRV_1_SE_BAT_040,2015-06-02
PRV_1,PRV_1_SE_BAT_040,2015-06-03
PRV_1,PRV_1_SW_BAT_038,2015-06-01
PRV_1,PRV_1_SW_BAT_038,2015-06-02
PRV_1,PRV_1_SW_BAT_038,2015-06-03
PRV_1,PRV_1_SW_BAT_038,2015-06-04
PRV_1,PRV_1_SW_BAT_038,2015-06-05
PRV_1,PRV_1_SW_BAT_038,2015-06-06
PRV_1,PRV_1_SW_BAT_038,2015-06-07
PRV_2,PRV_2_NE_BAT_018,2015-06-03
PRV_2,PRV_2_NE_BAT_018,2015-06-04
PRV_2,PRV_2_NE_BAT_018,2015-06-05
PRV_2,PRV_2_NE_BAT_018,2015-06-06
PRV_2,PRV_2_NE_BAT_018,2015-06-07
PRV_2,PRV_2_NE_BAT_018,2015-06-08
PRV_2,PRV_2_NW_BAT_033,2015-06-03
PRV_2,PRV_2_NW_BAT_033,2015-06-04
PRV_2,PRV_2_NW_BAT_033,2015-06-05
PRV_2,PRV_2_NW_BAT_033,2015-06-06
PRV_2,PRV_2_NW_BAT_033,2015-06-07
PRV_2,PRV_2_NW_BAT_033,2015-06-08
PRV_2,PRV_2_SE_BAT_009,2015-06-03
PRV_2,PRV_2_SE_BAT_009,2015-06-04
PRV_2,PRV_2_SE_BAT_009,2015-06-05
PRV_2,PRV_2_SE_BAT_009,2015-06-06
PRV_2,PRV_2_SW_BAT_048,2015-06-03
PRV_2,PRV_2_SW_BAT_048,2015-06-04
PRV_2,PRV_2_SW_BAT_048,2015-06-05
PRV_2,PRV_2_SW_BAT_048,2015-06-06
PRV_2,PRV_2_SW_BAT_048,2015-06-07
PRV_2,PRV_2_SW_BAT_048,2015-06-08
PRV_3,PRV_3_NE_B3,2015-06-17
PRV_3,PRV_3_NE_B3,2015-06-18
PRV_3,PRV_3_NE_B3,2015-06-19
PRV_3,PRV_3_NE_B3,2015-06-20
PRV_3,PRV_3_NE_B3,2015-06-21
PRV_3,PRV_3_NE_B3,2015-06-22
PRV_3,PRV_3_NW_H4,2015-06-17
PRV_3,PRV_3_NW_H4,2015-06-18
PRV_3,PRV_3_NW_H4,2015-06-19
PRV_3,PRV_3_NW_H4,2015-06-20
PRV_3,PRV_3_NW_H4,2015-06-21
PRV_3,PRV_3_NW_H4,2015-06-22
PRV_3,PRV_3_SE_N1,2015-06-17
PRV_3,PRV_3_SE_N1,2015-06-18
PRV_3,PRV_3_SE_N1,2015-06-19
PRV_3,PRV_3_SE_N1,2015-06-20
PRV_3,PRV_3_SE_N1,2015-06-21
PRV_3,PRV_3_SE_N1,2015-06-22
PRV_3,PRV_3_SW_BAT_023,2015-06-17
PRV_3,PRV_3_SW_BAT_023,2015-06-18
PRV_3,PRV_3_SW_BAT_023,2015-06-19
PRV_3,PRV_3_SW_BAT_023,2015-06-20
PRV_3,PRV_3_SW_BAT_023,2015-06-21
PRV_3,PRV_3_SW_BAT_023,2015-06-22
PRV_4,PRV_4_NW_BAT_042,2015-06-01
PRV_4,PRV_4_NW_BAT_042,2015-06-02
PRV_4,PRV_4_NW_BAT_042,2015-06-03
PRV_4,PRV_4_NW_BAT_042,2015-06-04
PRV_4,PRV_4_NW_BAT_042,2015-06-05
PRV_4,PRV_4_NW_BAT_042,2015-06-06
PRV_4,PRV_4_NW_BAT_042,2015-06-07
PRV_4,PRV_4_SE_BAT_027,2015-06-01
PRV_4,PRV_4_SE_BAT_027,2015-06-02
PRV_4,PRV_4_SE_BAT_027,2015-06-03
PRV_4,PRV_4_SE_BAT_027,2015-06-04
PRV_4,PRV_4_SE_BAT_027,2015-06-05
PRV_4,PRV_4_SE_BAT_027,2015-06-06
PRV_4,PRV_4_SE_BAT_027,2015-06-07
PRV_4,PRV_4_SW_BAT_047,2015-06-01
PRV_4,PRV_4_SW_BAT_047,2015-06-02
PRV_4,PRV_4_SW_BAT_047,2015-06-03
PRV_4,PRV_4_SW_BAT_047,2015-06-04
PRVAT_1,PRVAT_1_NE_BAT_029,2015-06-12
PRVAT_1,PRVAT_1_NE_BAT_029,2015-06-13
PRVAT_1,PRVAT_1_NE_BAT_029,2015-06-14
PRVAT_1,PRVAT_1_NE_BAT_029,2015-06-15
PRVAT_1,PRVAT_1_NE_BAT_029,2015-06-16
PRVAT_1,PRVAT_1_NE_BAT_029,2015-06-17
PRVAT_1,PRVAT_1_NW_BAT_025,2015-06-12
PRVAT_1,PRVAT_1_NW_BAT_025,2015-06-13
PRVAT_1,PRVAT_1_NW_BAT_025,2015-06-14
PRVAT_1,PRVAT_1_NW_BAT_025,2015-06-15
PRVAT_1,PRVAT_1_NW_BAT_025,2015-06-16
PRVAT_1,PRVAT_1_NW_BAT_025,2015-06-17
PRVAT_1,PRVAT_1_SE_BAT_019,2015-06-12
PRVAT_1,PRVAT_1_SE_BAT_019,2015-06-13
PRVAT_1,PRVAT_1_SE_BAT_019,2015-06-14
PRVAT_1,PRVAT_1_SE_BAT_019,2015-06-15
PRVAT_1,PRVAT_1_SE_BAT_019,2015-06-16
PRVAT_1,PRVAT_1_SE_BAT_019,2015-06-17
PRVAT_1,PRVAT_1_SW_BAT_034,2015-06-12
PRVAT_1,PRVAT_1_SW_BAT_034,2015-06-13
PRVAT_1,PRVAT_1_SW_BAT_034,2015-06-14
PRVAT_1,PRVAT_1_SW_BAT_034,2015-06-15
PRVAT_1,PRVAT_1_SW_BAT_034,2015-06-16
PRVAT_1,PRVAT_1_SW_BAT_034,2015-06-17
PRVAT_2,PRVAT_2_NE_BAT_033,2015-06-12
PRVAT_2,PRVAT_2_NE_BAT_033,2015-06-13
PRVAT_2,PRVAT_2_NE_BAT_033,2015-06-14
PRVAT_2,PRVAT_2_NE_BAT_033,2015-06-15
PRVAT_2,PRVAT_2_NE_BAT_033,2015-06-16
PRVAT_2,PRVAT_2_NE_BAT_033,2015-06-17
PRVAT_2,PRVAT_2_NW_A2,2015-06-12
PRVAT_2,PRVAT_2_NW_A2,2015-06-13
PRVAT_2,PRVAT_2_NW_A2,2015-06-14
PRVAT_2,PRVAT_2_NW_A2,2015-06-15
PRVAT_2,PRVAT_2_NW_A2,2015-06-16
PRVAT_2,PRVAT_2_NW_A2,2015-06-17
PRVAT_2,PRVAT_2_SE_BAT_045,2015-06-12
PRVAT_2,PRVAT_2_SE_BAT_045,2015-06-13
PRVAT_2,PRVAT_2_SE_BAT_045,2015-06-14
PRVAT_2,PRVAT_2_SE_BAT_045,2015-06-15
PRVAT_2,PRVAT_2_SE_BAT_045,2015-06-16
PRVAT_2,PRVAT_2_SE_BAT_045,2015-06-17
PRVAT_2,PRVAT_2_SW_BAT_003,2015-06-12
PRVAT_2,PRVAT_2_SW_BAT_003,2015-06-13
PRVAT_2,PRVAT_2_SW_BAT_003,2015-06-14
PRVAT_2,PRVAT_2_SW_BAT_003,2015-06-15
PRVAT_2,PRVAT_2_SW_BAT_003,2015-06-16
PRVAT_2,PRVAT_2_SW_BAT_003,2015-06-17
RBP_1,RBP_1_NE_I3,2015-07-29
RBP_1,RBP_1_NE_I3,2015-07-30
RBP_1,RBP_1_NE_I3,2015-07-31
RBP_1,RBP_1_NE_I3,2015-08-01
RBP_1,RBP_1_NE_I3,2015-08-02
RBP_1,RBP_1_NE_I3,2015-08-03
RBP_1,RBP_1_NW_BAT_048,2015-07-29
RBP_1,RBP_1_NW_BAT_048,2015-07-30
RBP_1,RBP_1_NW_BAT_048,2015-07-31
RBP_1,RBP_1_NW_BAT_048,2015-08-01
RBP_1,RBP_1_NW_BAT_048,2015-08-02
RBP_1,RBP_1_NW_BAT_048,2015-08-03
RBP_1,RBP_1_SE_D3,2015-07-29
RBP_1,RBP_1_SE_D3,2015-07-30
RBP_1,RBP_1_SE_D3,2015-07-31
RBP_1,RBP_1_SE_D3,2015-08-01
RBP_1,RBP_1_SE_D3,2015-08-02
RBP_1,RBP_1_SE_D3,2015-08-03
RBP_1,RBP_1_SW_B2,2015-07-29
RBP_1,RBP_1_SW_B2,2015-07-30
RBP_1,RBP_1_SW_B2,2015-07-31
RBP_1,RBP_1_SW_B2,2015-08-01
RBP_1,RBP_1_SW_B2,2015-08-02
RBP_1,RBP_1_SW_B2,2015-08-03
RBP_10,RBP_10_NE_BAT_037,2015-08-03
RBP_10,RBP_10_NE_BAT_037,2015-08-04
RBP_10,RBP_10_NE_BAT_037,2015-08-05
RBP_10,RBP_10_NE_BAT_037,2015-08-06
RBP_10,RBP_10_NE_BAT_037,2015-08-07
RBP_10,RBP_10_NE_BAT_037,2015-08-08
RBP_10,RBP_10_NW_BAT_031,2015-08-03
RBP_10,RBP_10_NW_BAT_031,2015-08-04
RBP_10,RBP_10_NW_BAT_031,2015-08-05
RBP_10,RBP_10_NW_BAT_031,2015-08-06
RBP_10,RBP_10_NW_BAT_031,2015-08-07
RBP_10,RBP_10_NW_BAT_031,2015-08-08
RBP_10,RBP_10_SE_BAT_029,2015-08-03
RBP_10,RBP_10_SE_BAT_029,2015-08-04
RBP_10,RBP_10_SE_BAT_029,2015-08-05
RBP_10,RBP_10_SE_BAT_029,2015-08-06
RBP_10,RBP_10_SE_BAT_029,2015-08-07
RBP_10,RBP_10_SE_BAT_029,2015-08-08
RBP_10,RBP_10_SW_H3,2015-08-03
RBP_10,RBP_10_SW_H3,2015-08-04
RBP_10,RBP_10_SW_H3,2015-08-05
RBP_10,RBP_10_SW_H3,2015-08-06
RBP_10,RBP_10_SW_H3,2015-08-07
RBP_10,RBP_10_SW_H3,2015-08-08
RBP_11,RBP_11_NE_1004A,2015-08-09
RBP_11,RBP_11_NE_1004A,2015-08-10
RBP_11,RBP_11_NE_1004A,2015-08-11
RBP_11,RBP_11_NE_1004A,2015-08-12
RBP_11,RBP_11_NE_1004A,2015-08-13
RBP_11,RBP_11_NE_1004A,2015-08-14
RBP_11,RBP_11_NW_987D,2015-08-09
RBP_11,RBP_11_NW_987D,2015-08-10
RBP_11,RBP_11_NW_987D,2015-08-11
RBP_11,RBP_11_NW_987D,2015-08-12
RBP_11,RBP_11_NW_987D,2015-08-13
RBP_11,RBP_11_NW_987D,2015-08-14
RBP_11,RBP_11_SE_1002A,2015-08-09
RBP_11,RBP_11_SE_1002A,2015-08-10
RBP_11,RBP_11_SE_1002A,2015-08-11
RBP_11,RBP_11_SE_1002A,2015-08-12
RBP_11,RBP_11_SE_1002A,2015-08-13
RBP_11,RBP_11_SE_1002A,2015-08-14
RBP_11,RBP_11_SW_987A,2015-08-09
RBP_11,RBP_11_SW_987A,2015-08-10
RBP_11,RBP_11_SW_987A,2015-08-11
RBP_11,RBP_11_SW_987A,2015-08-12
RBP_11,RBP_11_SW_987A,2015-08-13
RBP_11,RBP_11_SW_987A,2015-08-14
RBP_2,RBP_2_NE_I1,2015-05-31
RBP_2,RBP_2_NE_I1,2015-06-01
RBP_2,RBP_2_NE_I1,2015-06-02
RBP_2,RBP_2_NE_I1,2015-06-03
RBP_2,RBP_2_SE_BAT_026,2015-05-31
RBP_2,RBP_2_SE_BAT_026,2015-06-01
RBP_2,RBP_2_SE_BAT_026,2015-06-02
RBP_2,RBP_2_SE_BAT_026,2015-06-03
RBP_2,RBP_2_SE_BAT_026,2015-06-04
RBP_2,RBP_2_SE_BAT_026,2015-06-05
RBP_2,RBP_2_SW_BAT_031,2015-05-31
RBP_2,RBP_2_SW_BAT_031,2015-06-01
RBP_2,RBP_2_SW_BAT_031,2015-06-02
RBP_2,RBP_2_SW_BAT_031,2015-06-03
RBP_2,RBP_2_SW_BAT_031,2015-06-04
RBP_2,RBP_2_SW_BAT_031,2015-06-05
RBP_2,RPB_2_NW_BAT_025,2015-05-31
RBP_2,RPB_2_NW_BAT_025,2015-06-01
RBP_2,RPB_2_NW_BAT_025,2015-06-02
RBP_2,RPB_2_NW_BAT_025,2015-06-03
RBP_2,RPB_2_NW_BAT_025,2015-06-04
RBP_2,RPB_2_NW_BAT_025,2015-06-05
RBP_3,RBP_3_NW_BAT_036,2015-07-29
RBP_3,RBP_3_NW_BAT_036,2015-07-30
RBP_3,RBP_3_NW_BAT_036,2015-07-31
RBP_3,RBP_3_NW_BAT_036,2015-08-01
RBP_3,RBP_3_NW_BAT_036,2015-08-02
RBP_3,RBP_3_NW_BAT_036,2015-08-03
RBP_3,RBP_3_SE_BAT_203,2015-07-29
RBP_3,RBP_3_SE_BAT_203,2015-07-30
RBP_3,RBP_3_SE_BAT_203,2015-07-31
RBP_3,RBP_3_SE_BAT_203,2015-08-01
RBP_3,RBP_3_SE_BAT_203,2015-08-02
RBP_3,RBP_3_SE_BAT_203,2015-08-03
RBP_3,RBP_3_SW_BAT_025,2015-07-29
RBP_3,RBP_3_SW_BAT_025,2015-07-30
RBP_3,RBP_3_SW_BAT_025,2015-07-31
RBP_3,RBP_3_SW_BAT_025,2015-08-01
RBP_3,RBP_3_SW_BAT_025,2015-08-02
RBP_3,RBP_3_SW_BAT_025,2015-08-03
RBP_4,RBP_4_NE_BAT_202,2015-07-30
RBP_4,RBP_4_NE_BAT_202,2015-07-31
RBP_4,RBP_4_NE_BAT_202,2015-08-01
RBP_4,RBP_4_NE_BAT_202,2015-08-02
RBP_4,RBP_4_NE_BAT_202,2015-08-03
RBP_4,RBP_4_NE_BAT_202,2015-08-04
RBP_4,RBP_4_NE_BAT_202,2015-08-05
RBP_4,RBP_4_NW_A2,2015-07-30
RBP_4,RBP_4_NW_A2,2015-07-31
RBP_4,RBP_4_NW_A2,2015-08-01
RBP_4,RBP_4_NW_A2,2015-08-02
RBP_4,RBP_4_NW_A2,2015-08-03
RBP_4,RBP_4_NW_A2,2015-08-04
RBP_4,RBP_4_NW_A2,2015-08-05
RBP_4,RBP_4_SE_BAT_014,2015-07-30
RBP_4,RBP_4_SE_BAT_014,2015-07-31
RBP_4,RBP_4_SE_BAT_014,2015-08-01
RBP_4,RBP_4_SE_BAT_014,2015-08-02
RBP_4,RBP_4_SE_BAT_014,2015-08-03
RBP_4,RBP_4_SE_BAT_014,2015-08-04
RBP_4,RBP_4_SE_BAT_014,2015-08-05
RBP_5,RBP_5_EX_BAT_046,2015-07-28
RBP_5,RBP_5_EX_BAT_046,2015-07-29
RBP_5,RBP_5_EX_BAT_046,2015-07-30
RBP_5,RBP_5_EX_BAT_046,2015-07-31
RBP_5,RBP_5_EX_BAT_046,2015-08-01
RBP_5,RBP_5_EX_BAT_046,2015-08-02
RBP_5,RBP_5_NE_L12,2015-07-07
RBP_5,RBP_5_NE_L12,2015-07-08
RBP_5,RBP_5_NE_L12,2015-07-09
RBP_5,RBP_5_NE_L12,2015-07-10
RBP_5,RBP_5_NE_L12,2015-07-11
RBP_5,RBP_5_NE_L12,2015-07-12
RBP_5,RBP_5_NW_L11,2015-07-07
RBP_5,RBP_5_NW_L11,2015-07-08
RBP_5,RBP_5_NW_L11,2015-07-09
RBP_5,RBP_5_NW_L11,2015-07-10
RBP_5,RBP_5_NW_L11,2015-07-11
RBP_5,RBP_5_NW_L11,2015-07-12
RBP_5,RBP_5_SE_L14,2015-07-07
RBP_5,RBP_5_SE_L14,2015-07-08
RBP_5,RBP_5_SE_L14,2015-07-09
RBP_5,RBP_5_SE_L14,2015-07-10
RBP_5,RBP_5_SE_L14,2015-07-11
RBP_5,RBP_5_SE_L14,2015-07-12
RBP_5,RBP_5_SW_L13,2015-07-07
RBP_5,RBP_5_SW_L13,2015-07-08
RBP_5,RBP_5_SW_L13,2015-07-09
RBP_5,RBP_5_SW_L13,2015-07-10
RBP_5,RBP_5_SW_L13,2015-07-11
RBP_5,RBP_5_SW_L13,2015-07-12
RBP_9,RBP_9_NE_L14,2015-06-14
RBP_9,RBP_9_NE_L14,2015-06-15
RBP_9,RBP_9_NE_L14,2015-06-16
RBP_9,RBP_9_NE_L14,2015-06-17
RBP_9,RBP_9_NE_L14,2015-06-18
RBP_9,RBP_9_NW_L13,2015-06-14
RBP_9,RBP_9_NW_L13,2015-06-15
RBP_9,RBP_9_NW_L13,2015-06-16
RBP_9,RBP_9_NW_L13,2015-06-17
RBP_9,RBP_9_NW_L13,2015-06-18
RBP_9,RBP_9_NW_L13,2015-06-19
RBP_9,RBP_9_NW_L13,2015-06-20
RBP_9,RBP_9_NW_L13,2015-06-21
RBP_9,RBP_9_NW_L13,2015-06-22
RBP_9,RBP_9_NW_L13,2015-06-23
RBP_9,RBP_9_NW_L13,2015-06-24
RBP_9,RBP_9_NW_L13,2015-06-25
RBP_9,RBP_9_SE_L11,2015-06-14
RBP_9,RBP_9_SE_L11,2015-06-15
RBP_9,RBP_9_SE_L11,2015-06-16
RBP_9,RBP_9_SE_L11,2015-06-17
RBP_9,RBP_9_SE_L11,2015-06-18
RBP_9,RBP_9_SE_L11,2015-06-19
RBP_9,RBP_9_SE_L11,2015-06-20
RBP_9,RBP_9_SE_L11,2015-06-21
RBP_9,RBP_9_SE_L11,2015-06-22
RBP_9,RBP_9_SE_L11,2015-06-23
RBP_9,RBP_9_SE_L11,2015-06-24
RBP_9,RBP_9_SE_L11,2015-06-25
RBP_9,RBP_9_SW_L12,2015-06-14
RBP_9,RBP_9_SW_L12,2015-06-15
RBP_9,RBP_9_SW_L12,2015-06-16
RBP_9,RBP_9_SW_L12,2015-06-17
RBP_9,RBP_9_SW_L12,2015-06-18
RBP_9,RBP_9_SW_L12,2015-06-19
RBP_9,RBP_9_SW_L12,2015-06-20
RBP_9,RBP_9_SW_L12,2015-06-21
RBP_9,RBP_9_SW_L12,2015-06-22
RBP_9,RBP_9_SW_L12,2015-06-23
RBP_9,RBP_9_SW_L12,2015-06-24
RBP_9,RBP_9_SW_L12,2015-06-25
RBP_R1,RBP_R1_NW_BAT_033,2015-07-29
RBP_R1,RBP_R1_NW_BAT_033,2015-07-30
RBP_R1,RBP_R1_NW_BAT_033,2015-07-31
RBP_R1,RBP_R1_NW_BAT_033,2015-08-01
RBP_R1,RBP_R1_NW_BAT_033,2015-08-02
RBP_R1,RBP_R1_NW_BAT_033,2015-08-03
RBP_R1,RBP_R1_SE_BAT_021,2015-07-29
RBP_R1,RBP_R1_SE_BAT_021,2015-07-30
RBP_R1,RBP_R1_SE_BAT_021,2015-07-31
RBP_R1,RBP_R1_SE_BAT_021,2015-08-01
RBP_R1,RBP_R1_SE_BAT_021,2015-08-02
RBP_R1,RBP_R1_SE_BAT_021,2015-08-03
RBP_R1,RBP_R1_SW_N4,2015-07-29
RBP_R1,RBP_R1_SW_N4,2015-07-30
RBP_R1,RBP_R1_SW_N4,2015-07-31
RBP_R1,RBP_R1_SW_N4,2015-08-01
RBP_R1,RBP_R1_SW_N4,2015-08-02
RBP_R1,RBP_R1_SW_N4,2015-08-03
RBP_R2,RBP_R2_SE_N1,2015-07-31
RBP_R2,RBP_R2_SE_N1,2015-08-01
RBP_R2,RBP_R2_SE_N1,2015-08-02
RBP_R2,RBP_R2_SE_N1,2015-08-03
RBP_R2,RBP_R2_SE_N1,2015-08-04
RBP_R2,RBP_R2_SE_N1,2015-08-05
RBP_R2,RBP_R2_SW_BAT_023,2015-07-30
RBP_R2,RBP_R2_SW_BAT_023,2015-07-31
RBP_R2,RBP_R2_SW_BAT_023,2015-08-01
RBP_R2,RBP_R2_SW_BAT_023,2015-08-02
RBP_R2,RBP_R2_SW_BAT_023,2015-08-03
RBP_R2,RBP_R2_SW_BAT_023,2015-08-04
RPAB_1,RPAB_1_NE_988D,2015-07-31
RPAB_1,RPAB_1_NE_988D,2015-08-01
RPAB_1,RPAB_1_NE_988D,2015-08-02
RPAB_1,RPAB_1_NE_988D,2015-08-03
RPAB_1,RPAB_1_NE_988D,2015-08-04
RPAB_1,RPAB_1_NW_BAT_030,2015-07-31
RPAB_1,RPAB_1_NW_BAT_030,2015-08-01
RPAB_1,RPAB_1_NW_BAT_030,2015-08-02
RPAB_1,RPAB_1_NW_BAT_030,2015-08-03
RPAB_1,RPAB_1_NW_BAT_030,2015-08-04
RPAB_1,RPAB_1_NW_BAT_030,2015-08-05
RPAB_1,RPAB_1_NW_BAT_030,2015-08-06
RPAB_1,RPAB_1_SE_BAT_004,2015-07-31
RPAB_1,RPAB_1_SE_BAT_004,2015-08-01
RPAB_1,RPAB_1_SE_BAT_004,2015-08-02
RPAB_1,RPAB_1_SE_BAT_004,2015-08-03
RPAB_1,RPAB_1_SE_BAT_004,2015-08-04
RPAB_1,RPAB_1_SE_BAT_004,2015-08-05
RPAB_1,RPAB_1_SE_BAT_004,2015-08-06
RPAB_1,RPAB_1_SW_C4,2015-07-31
RPAB_1,RPAB_1_SW_C4,2015-08-01
RPAB_1,RPAB_1_SW_C4,2015-08-02
RPAB_1,RPAB_1_SW_C4,2015-08-03
RPAB_1,RPAB_1_SW_C4,2015-08-04
RPAB_1,RPAB_1_SW_C4,2015-08-05
RPAB_1,RPAB_1_SW_C4,2015-08-06
RPAB_2,RPAB_2_NE_BAT_019,2015-06-01
RPAB_2,RPAB_2_NE_BAT_019,2015-06-02
RPAB_2,RPAB_2_NE_BAT_019,2015-06-03
RPAB_2,RPAB_2_NE_BAT_019,2015-06-04
RPAB_2,RPAB_2_NE_BAT_019,2015-06-05
RPAB_2,RPAB_2_NE_BAT_019,2015-06-06
RPAB_2,RPAB_2_NE_BAT_019,2015-06-07
RPAB_2,RPAB_2_NE_BAT_019,2015-06-08
RPAB_2,RPAB_2_NW_BAT_029,2015-06-01
RPAB_2,RPAB_2_NW_BAT_029,2015-06-02
RPAB_2,RPAB_2_NW_BAT_029,2015-06-03
RPAB_2,RPAB_2_NW_BAT_029,2015-06-04
RPAB_2,RPAB_2_NW_BAT_029,2015-06-05
RPAB_2,RPAB_2_NW_BAT_029,2015-06-06
RPAB_2,RPAB_2_NW_BAT_029,2015-06-07
RPAB_2,RPAB_2_SE_BAT_030,2015-06-01
RPAB_2,RPAB_2_SE_BAT_030,2015-06-02
RPAB_2,RPAB_2_SE_BAT_030,2015-06-03
RPAB_2,RPAB_2_SE_BAT_030,2015-06-04
RPAB_2,RPAB_2_SE_BAT_030,2015-06-05
RPAB_2,RPAB_2_SE_BAT_030,2015-06-06
RPAB_2,RPAB_2_SE_BAT_030,2015-06-07
RPAB_2,RPAB_2_SE_BAT_030,2015-06-08
RPAB_2,RPAB_2_SW_A2,2015-06-01
RPAB_2,RPAB_2_SW_A2,2015-06-02
RPAB_2,RPAB_2_SW_A2,2015-06-03
RPAB_2,RPAB_2_SW_A2,2015-06-04
RPAB_2,RPAB_2_SW_A2,2015-06-05
RPAB_2,RPAB_2_SW_A2,2015-06-06
RPAB_2,RPAB_2_SW_A2,2015-06-07
RPAB_2,RPAB_2_SW_A2,2015-06-08
RPAB_3,RPAB_3_NE_BAT_037,2015-06-01
RPAB_3,RPAB_3_NE_BAT_037,2015-06-02
RPAB_3,RPAB_3_NE_BAT_037,2015-06-03
RPAB_3,RPAB_3_NE_BAT_037,2015-06-04
RPAB_3,RPAB_3_NE_BAT_037,2015-06-05
RPAB_3,RPAB_3_NE_BAT_037,2015-06-06
RPAB_3,RPAB_3_NE_BAT_037,2015-06-07
RPAB_3,RPAB_3_NE_BAT_037,2015-06-08
RPAB_3,RPAB_3_NW_BAT_022,2015-06-01
RPAB_3,RPAB_3_NW_BAT_022,2015-06-02
RPAB_3,RPAB_3_NW_BAT_022,2015-06-03
RPAB_3,RPAB_3_NW_BAT_022,2015-06-04
RPAB_3,RPAB_3_NW_BAT_022,2015-06-05
RPAB_3,RPAB_3_SE_1004C,2015-06-01
RPAB_3,RPAB_3_SE_1004C,2015-06-02
RPAB_3,RPAB_3_SE_1004C,2015-06-03
RPAB_3,RPAB_3_SE_1004C,2015-06-04
RPAB_3,RPAB_3_SE_1004C,2015-06-05
RPAB_3,RPAB_3_SE_1004C,2015-06-06
RPAB_3,RPAB_3_SE_1004C,2015-06-07
RPAB_3,RPAB_3_SE_1004C,2015-06-08
RPAB_3,RPAB_3_SW_R2C,2015-06-01
RPAB_3,RPAB_3_SW_R2C,2015-06-02
RPAB_3,RPAB_3_SW_R2C,2015-06-03
RPAB_3,RPAB_3_SW_R2C,2015-06-04
RPAB_3,RPAB_3_SW_R2C,2015-06-05
RPAB_3,RPAB_3_SW_R2C,2015-06-06
RPAB_3,RPAB_3_SW_R2C,2015-06-07
RPAB_3,RPAB_3_SW_R2C,2015-06-08
RPAB_4,RPAB_4_NE_R2C,2015-08-09
RPAB_4,RPAB_4_NE_R2C,2015-08-10
RPAB_4,RPAB_4_NE_R2C,2015-08-11
RPAB_4,RPAB_4_NE_R2C,2015-08-12
RPAB_4,RPAB_4_NE_R2C,2015-08-13
RPAB_4,RPAB_4_NE_R2C,2015-08-14
RPAB_4,RPAB_4_NW_C3,2015-08-09
RPAB_4,RPAB_4_NW_C3,2015-08-10
RPAB_4,RPAB_4_NW_C3,2015-08-11
RPAB_4,RPAB_4_SE_K3,2015-08-09
RPAB_4,RPAB_4_SE_K3,2015-08-10
RPAB_4,RPAB_4_SE_K3,2015-08-11
RPAB_4,RPAB_4_SE_K3,2015-08-12
RPAB_4,RPAB_4_SE_K3,2015-08-13
RPAB_4,RPAB_4_SE_K3,2015-08-14
RPAB_4,RPAB_4_SW_BAT_026,2015-08-09
RPAB_4,RPAB_4_SW_BAT_026,2015-08-10
RPAB_4,RPAB_4_SW_BAT_026,2015-08-11
RPAB_5,RPAB_5_NE_I1,2015-08-09
RPAB_5,RPAB_5_NE_I1,2015-08-10
RPAB_5,RPAB_5_NE_I1,2015-08-11
RPAB_5,RPAB_5_NE_I1,2015-08-12
RPAB_5,RPAB_5_NE_I1,2015-08-13
RPAB_5,RPAB_5_NE_I1,2015-08-14
RPAB_5,RPAB_5_NW_BAT_047,2015-08-09
RPAB_5,RPAB_5_NW_BAT_047,2015-08-10
RPAB_5,RPAB_5_NW_BAT_047,2015-08-11
RPAB_5,RPAB_5_NW_BAT_047,2015-08-12
RPAB_5,RPAB_5_NW_BAT_047,2015-08-13
RPAB_5,RPAB_5_NW_BAT_047,2015-08-14
RPAB_5,RPAB_5_SE_994D,2015-08-09
RPAB_5,RPAB_5_SE_994D,2015-08-10
RPAB_5,RPAB_5_SE_994D,2015-08-11
RPAB_5,RPAB_5_SE_994D,2015-08-12
RPAB_5,RPAB_5_SE_994D,2015-08-13
RPAB_5,RPAB_5_SE_994D,2015-08-14
RPAB_5,RPAB_5_SW_A3,2015-08-09
RPAB_5,RPAB_5_SW_A3,2015-08-10
RPAB_5,RPAB_5_SW_A3,2015-08-11
RPAB_5,RPAB_5_SW_A3,2015-08-12
RPAB_5,RPAB_5_SW_A3,2015-08-13
RPAB_5,RPAB_5_SW_A3,2015-08-14
RPAB_7,RPAB_7_NE_1004C,2015-08-08
RPAB_7,RPAB_7_NE_1004C,2015-08-09
RPAB_7,RPAB_7_NE_1004C,2015-08-10
RPAB_7,RPAB_7_NE_1004C,2015-08-11
RPAB_7,RPAB_7_NE_1004C,2015-08-12
RPAB_7,RPAB_7_NE_1004C,2015-08-13
RPAB_7,RPAB_7_NW_J3,2015-08-08
RPAB_7,RPAB_7_NW_J3,2015-08-09
RPAB_7,RPAB_7_NW_J3,2015-08-10
RPAB_7,RPAB_7_NW_J3,2015-08-11
RPAB_7,RPAB_7_NW_J3,2015-08-12
RPAB_7,RPAB_7_NW_J3,2015-08-13
RPAB_7,RPAB_7_SE_F1,2015-08-08
RPAB_7,RPAB_7_SE_F1,2015-08-09
RPAB_7,RPAB_7_SE_F1,2015-08-10
RPAB_7,RPAB_7_SE_F1,2015-08-11
RPAB_7,RPAB_7_SE_F1,2015-08-12
RPAB_7,RPAB_7_SE_F1,2015-08-13
RPAB_7,RPAB_7_SW_D2,2015-08-08
RPAB_7,RPAB_7_SW_D2,2015-08-09
RPAB_7,RPAB_7_SW_D2,2015-08-10
RPAB_7,RPAB_7_SW_D2,2015-08-11
RPAB_7,RPAB_7_SW_D2,2015-08-12
RSP_R2,RSP_R2_SE_BAT_028,2015-08-03
RSP_R2,RSP_R2_SE_BAT_028,2015-08-04
RSP_R2,RSP_R2_SE_BAT_028,2015-08-05
RSP_R2,RSP_R2_SE_BAT_028,2015-08-06
RSP_R2,RSP_R2_SE_BAT_028,2015-08-07
RSP_R2,RSP_R2_SE_BAT_028,2015-08-08
RSP_R2,RSP_R2_SW_N2,2015-08-03
RSP_R2,RSP_R2_SW_N2,2015-08-04
RSP_R2,RSP_R2_SW_N2,2015-08-05
RSP_R2,RSP_R2_SW_N2,2015-08-06
RSP_R2,RSP_R2_SW_N2,2015-08-07
RSP_R4,RSP_R4_NW_C4,2015-06-12
RSP_R4,RSP_R4_NW_C4,2015-06-13
RSP_R4,RSP_R4_NW_C4,2015-06-14
RSP_R4,RSP_R4_NW_C4,2015-06-15
RSP_R4,RSP_R4_NW_C4,2015-06-16
RSP_R4,RSP_R4_NW_C4,2015-06-17
RSP_R4,RSP_R4_SE_J1,2015-06-12
RSP_R4,RSP_R4_SE_J1,2015-06-13
RSP_R4,RSP_R4_SE_J1,2015-06-14
RSP_R4,RSP_R4_SE_J1,2015-06-15
RSP_R4,RSP_R4_SE_J1,2015-06-16
RSP_R4,RSP_R4_SE_J1,2015-06-17
RSP_R4,RSP_R4_SW_M2,2015-06-12
RSP_R4,RSP_R4_SW_M2,2015-06-13
RSP_R4,RSP_R4_SW_M2,2015-06-14
RSP_R4,RSP_R4_SW_M2,2015-06-15
RSP_R4,RSP_R4_SW_M2,2015-06-16
RSP_R4,RSP_R4_SW_M2,2015-06-17
SAST_R3,SAST_R3_NE_F2,2015-06-24
SAST_R3,SAST_R3_NE_F2,2015-06-25
SAST_R3,SAST_R3_NE_F2,2015-06-26
SAST_R3,SAST_R3_NE_F2,2015-06-27
SAST_R3,SAST_R3_NE_F2,2015-06-28
SAST_R3,SAST_R3_NE_F2,2015-06-29
SAST_R3,SAST_R3_NW_BAT_40,2015-06-24
SAST_R3,SAST_R3_NW_BAT_40,2015-06-25
SAST_R3,SAST_R3_NW_BAT_40,2015-06-26
SAST_R3,SAST_R3_NW_BAT_40,2015-06-27
SAST_R3,SAST_R3_SE_BAT_009,2015-06-24
SAST_R3,SAST_R3_SE_BAT_009,2015-06-25
SAST_R3,SAST_R3_SE_BAT_009,2015-06-26
SAST_R3,SAST_R3_SE_BAT_009,2015-06-27
SAST_R3,SAST_R3_SE_BAT_009,2015-06-28
SAST_R3,SAST_R3_SE_BAT_009,2015-06-29
SAST_R3,SAST_R3_SW_D1,2015-06-24
SAST_R3,SAST_R3_SW_D1,2015-06-25
SAST_R3,SAST_R3_SW_D1,2015-06-26
SAST_R3,SAST_R3_SW_D1,2015-06-27
SAST_R3,SAST_R3_SW_D1,2015-06-28
SAST_R3,SAST_R3_SW_D1,2015-06-29
SAST_R4,SAST_R4_NE_R1D,2015-08-05
SAST_R4,SAST_R4_NE_R1D,2015-08-06
SAST_R4,SAST_R4_NE_R1D,2015-08-07
SAST_R4,SAST_R4_NE_R1D,2015-08-08
SAST_R4,SAST_R4_NE_R1D,2015-08-09
SAST_R4,SAST_R4_NE_R1D,2015-08-10
SAST_R4,SAST_R4_NE_R1D,2015-08-11
SAST_R4,SAST_R4_NW_R2D,2015-08-05
SAST_R4,SAST_R4_NW_R2D,2015-08-06
SAST_R4,SAST_R4_NW_R2D,2015-08-07
SAST_R4,SAST_R4_NW_R2D,2015-08-08
SAST_R4,SAST_R4_NW_R2D,2015-08-09
SAST_R4,SAST_R4_SW_L3,2015-08-05
SAST_R4,SAST_R4_SW_L3,2015-08-06
SAST_R4,SAST_R4_SW_L3,2015-08-07
SAST_R4,SAST_R4_SW_L3,2015-08-08
SAST_R4,SAST_R4_SW_L3,2015-08-09
SAST_R4,SAST_R4_SW_L3,2015-08-10
SAST_R6,SAST_R6_NE_BAT_015,2015-06-26
SAST_R6,SAST_R6_NE_BAT_015,2015-06-27
SAST_R6,SAST_R6_NE_BAT_015,2015-06-28
SAST_R6,SAST_R6_NE_BAT_015,2015-06-29
SAST_R6,SAST_R6_NE_BAT_015,2015-06-30
SAST_R6,SAST_R6_NE_BAT_015,2015-07-01
SAST_R6,SAST_R6_NW_BAT_005,2015-06-26
SAST_R6,SAST_R6_NW_BAT_005,2015-06-27
SAST_R6,SAST_R6_NW_BAT_005,2015-06-28
SAST_R6,SAST_R6_NW_BAT_005,2015-06-29
SAST_R6,SAST_R6_NW_BAT_005,2015-06-30
SAST_R6,SAST_R6_NW_BAT_005,2015-07-01
SAST_R6,SAST_R6_SE_E1,2015-06-26
SAST_R6,SAST_R6_SE_E1,2015-06-27
SAST_R6,SAST_R6_SE_E1,2015-06-28
SAST_R6,SAST_R6_SE_E1,2015-06-29
SAST_R6,SAST_R6_SE_E1,2015-06-30
SAST_R6,SAST_R6_SE_E1,2015-07-01
SAST_R6,SAST_R6_SW_BAT_031,2015-06-26
SAST_R6,SAST_R6_SW_BAT_031,2015-06-27
SAST_R6,SAST_R6_SW_BAT_031,2015-06-28
SAST_R6,SAST_R6_SW_BAT_031,2015-06-29
SAST_R6,SAST_R6_SW_BAT_031,2015-06-30
SAST_R6,SAST_R6_SW_BAT_031,2015-07-01
SH_1,SH_1_NE_BAT_008,2015-06-19
SH_1,SH_1_NE_BAT_008,2015-06-20
SH_1,SH_1_NE_BAT_008,2015-06-21
SH_1,SH_1_NE_BAT_008,2015-06-22
SH_1,SH_1_NE_BAT_008,2015-06-23
SH_1,SH_1_NE_BAT_008,2015-06-24
SH_1,SH_1_NW_F4,2015-06-19
SH_1,SH_1_NW_F4,2015-06-20
SH_1,SH_1_NW_F4,2015-06-21
SH_1,SH_1_NW_F4,2015-06-22
SH_1,SH_1_SE_1004D,2015-06-19
SH_1,SH_1_SE_1004D,2015-06-20
SH_1,SH_1_SE_1004D,2015-06-21
SH_1,SH_1_SE_1004D,2015-06-22
SH_1,SH_1_SE_1004D,2015-06-23
SH_1,SH_1_SE_1004D,2015-06-24
SH_1,SH_1_SW_L3,2015-06-19
SH_1,SH_1_SW_L3,2015-06-20
SH_1,SH_1_SW_L3,2015-06-21
SH_1,SH_1_SW_L3,2015-06-22
SH_1,SH_1_SW_L3,2015-06-23
SH_1,SH_1_SW_L3,2015-06-24
SH_10,SH_10_NE_BAT_015,2015-07-07
SH_10,SH_10_NE_BAT_015,2015-07-08
SH_10,SH_10_NE_BAT_015,2015-07-09
SH_10,SH_10_NE_BAT_015,2015-07-10
SH_10,SH_10_NE_BAT_015,2015-07-11
SH_10,SH_10_NE_BAT_015,2015-07-12
SH_10,SH_10_NW_BAT_005,2015-07-07
SH_10,SH_10_NW_BAT_005,2015-07-08
SH_10,SH_10_NW_BAT_005,2015-07-09
SH_10,SH_10_NW_BAT_005,2015-07-10
SH_10,SH_10_NW_BAT_005,2015-07-11
SH_10,SH_10_NW_BAT_005,2015-07-12
SH_10,SH_10_SE_K2,2015-07-07
SH_10,SH_10_SE_K2,2015-07-08
SH_10,SH_10_SE_K2,2015-07-09
SH_10,SH_10_SE_K2,2015-07-10
SH_10,SH_10_SE_K2,2015-07-11
SH_10,SH_10_SE_K2,2015-07-12
SH_10,SH_10_SW_1004D,2015-07-07
SH_10,SH_10_SW_1004D,2015-07-08
SH_10,SH_10_SW_1004D,2015-07-09
SH_10,SH_10_SW_1004D,2015-07-10
SH_10,SH_10_SW_1004D,2015-07-11
SH_10,SH_10_SW_1004D,2015-07-12
SH_11,SH_11_NE_J4,2015-07-10
SH_11,SH_11_NE_J4,2015-07-11
SH_11,SH_11_NE_J4,2015-07-12
SH_11,SH_11_NE_J4,2015-07-13
SH_11,SH_11_NE_J4,2015-07-14
SH_11,SH_11_NE_J4,2015-07-15
SH_11,SH_11_NW_I4,2015-07-10
SH_11,SH_11_NW_I4,2015-07-11
SH_11,SH_11_NW_I4,2015-07-12
SH_11,SH_11_NW_I4,2015-07-13
SH_11,SH_11_NW_I4,2015-07-14
SH_11,SH_11_NW_I4,2015-07-15
SH_11,SH_11_SE_BAT_043,2015-07-10
SH_11,SH_11_SE_BAT_043,2015-07-11
SH_11,SH_11_SE_BAT_043,2015-07-12
SH_11,SH_11_SE_BAT_043,2015-07-13
SH_11,SH_11_SE_BAT_043,2015-07-14
SH_11,SH_11_SE_BAT_043,2015-07-15
SH_11,SH_11_SW_BAT_208,2015-07-10
SH_11,SH_11_SW_BAT_208,2015-07-11
SH_11,SH_11_SW_BAT_208,2015-07-12
SH_11,SH_11_SW_BAT_208,2015-07-13
SH_13,SH_13_NW_BAT_103,2015-07-01
SH_13,SH_13_NW_BAT_103,2015-07-02
SH_13,SH_13_NW_BAT_103,2015-07-03
SH_13,SH_13_NW_BAT_103,2015-07-04
SH_13,SH_13_NW_BAT_103,2015-07-05
SH_13,SH_13_NW_BAT_103,2015-07-06
SH_13,SH_13_SE_BAT_025,2015-07-01
SH_13,SH_13_SE_BAT_025,2015-07-02
SH_13,SH_13_SE_BAT_025,2015-07-03
SH_13,SH_13_SE_BAT_025,2015-07-04
SH_13,SH_13_SE_BAT_025,2015-07-05
SH_13,SH_13_SE_BAT_025,2015-07-06
SH_13,SH_13_SW_988A,2015-07-01
SH_13,SH_13_SW_988A,2015-07-02
SH_13,SH_13_SW_988A,2015-07-03
SH_13,SH_13_SW_988A,2015-07-04
SH_13,SH_13_SW_988A,2015-07-05
SH_13,SH_13_SW_988A,2015-07-06
SH_15,SH_15_NE_BAT_209,2015-07-11
SH_15,SH_15_NE_BAT_209,2015-07-12
SH_15,SH_15_NE_BAT_209,2015-07-13
SH_15,SH_15_NE_BAT_209,2015-07-14
SH_15,SH_15_NE_BAT_209,2015-07-15
SH_15,SH_15_NE_BAT_209,2015-07-16
SH_15,SH_15_NW_994B,2015-07-11
SH_15,SH_15_NW_994B,2015-07-12
SH_15,SH_15_NW_994B,2015-07-13
SH_15,SH_15_NW_994B,2015-07-14
SH_15,SH_15_NW_994B,2015-07-15
SH_15,SH_15_NW_994B,2015-07-16
SH_15,SH_15_SE_BAT_003,2015-07-11
SH_15,SH_15_SE_BAT_003,2015-07-12
SH_15,SH_15_SE_BAT_003,2015-07-13
SH_15,SH_15_SE_BAT_003,2015-07-14
SH_15,SH_15_SE_BAT_003,2015-07-15
SH_15,SH_15_SE_BAT_003,2015-07-16
SH_16,SH_16_NE_BAT_017,2015-07-18
SH_16,SH_16_NE_BAT_017,2015-07-19
SH_16,SH_16_NE_BAT_017,2015-07-20
SH_16,SH_16_NE_BAT_017,2015-07-21
SH_16,SH_16_NE_BAT_017,2015-07-22
SH_16,SH_16_NE_BAT_017,2015-07-23
SH_16,SH_16_NW_BAT_016,2015-07-18
SH_16,SH_16_NW_BAT_016,2015-07-19
SH_16,SH_16_NW_BAT_016,2015-07-20
SH_16,SH_16_NW_BAT_016,2015-07-21
SH_16,SH_16_NW_BAT_016,2015-07-22
SH_16,SH_16_NW_BAT_016,2015-07-23
SH_16,SH_16_SE_M4,2015-07-18
SH_16,SH_16_SE_M4,2015-07-19
SH_16,SH_16_SE_M4,2015-07-20
SH_16,SH_16_SE_M4,2015-07-21
SH_16,SH_16_SE_M4,2015-07-22
SH_16,SH_16_SE_M4,2015-07-23
SH_16,SH_16_SW_BAT_037,2015-07-18
SH_16,SH_16_SW_BAT_037,2015-07-19
SH_16,SH_16_SW_BAT_037,2015-07-20
SH_16,SH_16_SW_BAT_037,2015-07-21
SH_16,SH_16_SW_BAT_037,2015-07-22
SH_16,SH_16_SW_BAT_037,2015-07-23
SH_18,SH_18_NE_BAT_014,2015-07-15
SH_18,SH_18_NE_BAT_014,2015-07-16
SH_18,SH_18_NE_BAT_014,2015-07-17
SH_18,SH_18_NE_BAT_014,2015-07-18
SH_18,SH_18_NE_BAT_014,2015-07-19
SH_18,SH_18_NE_BAT_014,2015-07-20
SH_18,SH_18_NW_BAT_201,2015-07-15
SH_18,SH_18_NW_BAT_201,2015-07-16
SH_18,SH_18_NW_BAT_201,2015-07-17
SH_18,SH_18_NW_BAT_201,2015-07-18
SH_18,SH_18_NW_BAT_201,2015-07-19
SH_18,SH_18_NW_BAT_201,2015-07-20
SH_18,SH_18_SE_BAT_026,2015-07-15
SH_18,SH_18_SE_BAT_026,2015-07-16
SH_18,SH_18_SE_BAT_026,2015-07-17
SH_18,SH_18_SE_BAT_026,2015-07-18
SH_18,SH_18_SE_BAT_026,2015-07-19
SH_18,SH_18_SW_BAT_004,2015-07-15
SH_18,SH_18_SW_BAT_004,2015-07-16
SH_18,SH_18_SW_BAT_004,2015-07-17
SH_18,SH_18_SW_BAT_004,2015-07-18
SH_18,SH_18_SW_BAT_004,2015-07-19
SH_18,SH_18_SW_BAT_004,2015-07-20
SH_19,SH_19_NE_N4,2015-06-27
SH_19,SH_19_NE_N4,2015-06-28
SH_19,SH_19_NE_N4,2015-06-29
SH_19,SH_19_NE_N4,2015-06-30
SH_19,SH_19_NE_N4,2015-07-01
SH_19,SH_19_NE_N4,2015-07-02
SH_19,SH_19_NW_B3,2015-06-27
SH_19,SH_19_NW_B3,2015-06-28
SH_19,SH_19_NW_B3,2015-06-29
SH_19,SH_19_NW_B3,2015-06-30
SH_19,SH_19_NW_B3,2015-07-01
SH_19,SH_19_NW_B3,2015-07-02
SH_19,SH_19_SE_K3,2015-06-27
SH_19,SH_19_SE_K3,2015-06-28
SH_19,SH_19_SE_K3,2015-06-29
SH_19,SH_19_SE_K3,2015-06-30
SH_19,SH_19_SE_K3,2015-07-01
SH_19,SH_19_SE_K3,2015-07-02
SH_19,SH_19_SW_H4,2015-06-27
SH_19,SH_19_SW_H4,2015-06-28
SH_19,SH_19_SW_H4,2015-06-29
SH_19,SH_19_SW_H4,2015-06-30
SH_19,SH_19_SW_H4,2015-07-01
SH_19,SH_19_SW_H4,2015-07-02
SH_4,SH_4_NE_988C,2015-06-19
SH_4,SH_4_NE_988C,2015-06-20
SH_4,SH_4_NE_988C,2015-06-21
SH_4,SH_4_NE_988C,2015-06-22
SH_4,SH_4_NE_988C,2015-06-23
SH_4,SH_4_NE_988C,2015-06-24
SH_4,SH_4_NW_K2,2015-06-19
SH_4,SH_4_NW_K2,2015-06-20
SH_4,SH_4_NW_K2,2015-06-21
SH_4,SH_4_NW_K2,2015-06-22
SH_4,SH_4_NW_K2,2015-06-23
SH_4,SH_4_NW_K2,2015-06-24
SH_4,SH_4_SE_BAT_011,2015-06-19
SH_4,SH_4_SE_BAT_011,2015-06-20
SH_4,SH_4_SE_BAT_011,2015-06-21
SH_4,SH_4_SE_BAT_011,2015-06-22
SH_4,SH_4_SE_BAT_011,2015-06-23
SH_4,SH_4_SE_BAT_011,2015-06-24
SH_4,SH_4_SW_D3,2015-06-19
SH_4,SH_4_SW_D3,2015-06-20
SH_4,SH_4_SW_D3,2015-06-21
SH_4,SH_4_SW_D3,2015-06-22
SH_4,SH_4_SW_D3,2015-06-23
SH_4,SH_4_SW_D3,2015-06-24
SH_5,SH_5_NE_K3,2015-07-08
SH_5,SH_5_NE_K3,2015-07-09
SH_5,SH_5_NE_K3,2015-07-10
SH_5,SH_5_NE_K3,2015-07-11
SH_5,SH_5_NE_K3,2015-07-12
SH_5,SH_5_NE_K3,2015-07-13
SH_5,SH_5_NW_I3,2015-07-08
SH_5,SH_5_NW_I3,2015-07-09
SH_5,SH_5_NW_I3,2015-07-10
SH_5,SH_5_NW_I3,2015-07-11
SH_5,SH_5_NW_I3,2015-07-12
SH_5,SH_5_NW_I3,2015-07-13
SH_5,SH_5_SE_D3,2015-07-08
SH_5,SH_5_SE_D3,2015-07-09
SH_5,SH_5_SE_D3,2015-07-10
SH_5,SH_5_SE_D3,2015-07-11
SH_5,SH_5_SE_D3,2015-07-12
SH_5,SH_5_SE_D3,2015-07-13
SH_5,SH_5_SW_BAT_202,2015-07-08
SH_5,SH_5_SW_BAT_202,2015-07-09
SH_5,SH_5_SW_BAT_202,2015-07-10
SH_5,SH_5_SW_BAT_202,2015-07-11
SH_5,SH_5_SW_BAT_202,2015-07-12
SH_5,SH_5_SW_BAT_202,2015-07-13
SH_6,SH_6_NE_BAT_028,2015-06-02
SH_6,SH_6_NE_BAT_028,2015-06-03
SH_6,SH_6_NE_BAT_028,2015-06-04
SH_6,SH_6_NE_BAT_028,2015-06-05
SH_6,SH_6_NE_BAT_028,2015-06-06
SH_6,SH_6_NE_BAT_028,2015-06-07
SH_6,SH_6_NE_BAT_028,2015-06-08
SH_6,SH_6_NE_BAT_028,2015-06-09
SH_6,SH_6_NW_BAT_003,2015-06-02
SH_6,SH_6_NW_BAT_003,2015-06-03
SH_6,SH_6_NW_BAT_003,2015-06-04
SH_6,SH_6_SE_BAT_007,2015-06-02
SH_6,SH_6_SE_BAT_007,2015-06-03
SH_6,SH_6_SE_BAT_007,2015-06-04
SH_6,SH_6_SE_BAT_007,2015-06-05
SH_6,SH_6_SE_BAT_007,2015-06-06
SH_6,SH_6_SE_BAT_007,2015-06-07
SH_6,SH_6_SE_BAT_007,2015-06-08
SH_6,SH_6_SE_BAT_007,2015-06-09
SH_6,SH_6_SW_BAT_017,2015-06-02
SH_6,SH_6_SW_BAT_017,2015-06-03
SH_6,SH_6_SW_BAT_017,2015-06-04
SH_6,SH_6_SW_BAT_017,2015-06-05
SH_6,SH_6_SW_BAT_017,2015-06-06
SH_6,SH_6_SW_BAT_017,2015-06-07
SH_6,SH_6_SW_BAT_017,2015-06-08
SH_6,SH_6_SW_BAT_017,2015-06-09
SH_8,SH_8_NE_K1,2015-07-16
SH_8,SH_8_NE_K1,2015-07-17
SH_8,SH_8_NE_K1,2015-07-18
SH_8,SH_8_NE_K1,2015-07-19
SH_8,SH_8_NE_K1,2015-07-20
SH_8,SH_8_NE_K1,2015-07-21
SH_8,SH_8_NW_A2,2015-07-16
SH_8,SH_8_NW_A2,2015-07-17
SH_8,SH_8_NW_A2,2015-07-18
SH_8,SH_8_NW_A2,2015-07-19
SH_8,SH_8_NW_A2,2015-07-20
SH_8,SH_8_NW_A2,2015-07-21
SH_8,SH_8_SE_BAT_020,2015-07-16
SH_8,SH_8_SE_BAT_020,2015-07-17
SH_8,SH_8_SE_BAT_020,2015-07-18
SH_8,SH_8_SE_BAT_020,2015-07-19
SH_8,SH_8_SE_BAT_020,2015-07-20
SH_8,SH_8_SE_BAT_020,2015-07-21
SH_8,SH_8_SW_BAT_030,2015-07-16
SH_8,SH_8_SW_BAT_030,2015-07-17
SH_8,SH_8_SW_BAT_030,2015-07-18
SH_8,SH_8_SW_BAT_030,2015-07-19
SH_8,SH_8_SW_BAT_030,2015-07-20
SH_8,SH_8_SW_BAT_030,2015-07-21
SH_9,SH_9_NE_BAT_011,2015-07-07
SH_9,SH_9_NE_BAT_011,2015-07-08
SH_9,SH_9_NE_BAT_011,2015-07-09
SH_9,SH_9_NE_BAT_011,2015-07-10
SH_9,SH_9_NE_BAT_011,2015-07-11
SH_9,SH_9_NE_BAT_011,2015-07-12
SH_9,SH_9_NW_BAT_046,2015-07-07
SH_9,SH_9_NW_BAT_046,2015-07-08
SH_9,SH_9_NW_BAT_046,2015-07-09
SH_9,SH_9_NW_BAT_046,2015-07-10
SH_9,SH_9_NW_BAT_046,2015-07-11
SH_9,SH_9_NW_BAT_046,2015-07-12
SH_9,SH_9_SE_BAT_100,2015-07-07
SH_9,SH_9_SE_BAT_100,2015-07-08
SH_9,SH_9_SE_BAT_100,2015-07-09
SH_9,SH_9_SE_BAT_100,2015-07-10
SH_9,SH_9_SE_BAT_100,2015-07-11
SH_9,SH_9_SE_BAT_100,2015-07-12
SH_9,SH_9_SW_L3,2015-07-07
SH_9,SH_9_SW_L3,2015-07-08
SH_9,SH_9_SW_L3,2015-07-09
SH_9,SH_9_SW_L3,2015-07-10
SH_9,SH_9_SW_L3,2015-07-11
SH_9,SH_9_SW_L3,2015-07-12
SH_R2,SH_R2_NE_E3,2015-06-11
SH_R2,SH_R2_NE_E3,2015-06-12
SH_R2,SH_R2_NE_E3,2015-06-13
SH_R2,SH_R2_NE_E3,2015-06-14
SH_R2,SH_R2_NE_E3,2015-06-15
SH_R2,SH_R2_NE_E3,2015-06-16
SH_R2,SH_R2_NW_994B,2015-06-11
SH_R2,SH_R2_NW_994B,2015-06-12
SH_R2,SH_R2_NW_994B,2015-06-13
SH_R2,SH_R2_NW_994B,2015-06-14
SH_R2,SH_R2_NW_994B,2015-06-15
SH_R2,SH_R2_NW_994B,2015-06-16
SH_R2,SH_R2_SE_M3,2015-06-11
SH_R2,SH_R2_SE_M3,2015-06-12
SH_R2,SH_R2_SE_M3,2015-06-13
SH_R2,SH_R2_SE_M3,2015-06-14
SH_R2,SH_R2_SE_M3,2015-06-15
SH_R2,SH_R2_SE_M3,2015-06-16
SH_R2,SH_R2_SW_BAT_102,2015-06-11
SH_R2,SH_R2_SW_BAT_102,2015-06-12
SH_R2,SH_R2_SW_BAT_102,2015-06-13
SH_R2,SH_R2_SW_BAT_102,2015-06-14
SH_R3,SH_R3_NE_K3,2015-06-17
SH_R3,SH_R3_NE_K3,2015-06-18
SH_R3,SH_R3_NE_K3,2015-06-19
SH_R3,SH_R3_NE_K3,2015-06-20
SH_R3,SH_R3_NE_K3,2015-06-21
SH_R3,SH_R3_NE_K3,2015-06-22
SH_R3,SH_R3_NW_994D,2015-06-17
SH_R3,SH_R3_NW_994D,2015-06-18
SH_R3,SH_R3_NW_994D,2015-06-19
SH_R3,SH_R3_NW_994D,2015-06-20
SH_R3,SH_R3_NW_994D,2015-06-21
SH_R3,SH_R3_NW_994D,2015-06-22
SH_R3,SH_R3_SE_I2,2015-06-17
SH_R3,SH_R3_SE_I2,2015-06-18
SH_R3,SH_R3_SE_I2,2015-06-19
SH_R3,SH_R3_SE_I2,2015-06-20
SH_R3,SH_R3_SE_I2,2015-06-21
SH_R3,SH_R3_SE_I2,2015-06-22
SH_R5,SH_R5_NE_BAT_101,2015-06-11
SH_R5,SH_R5_NE_BAT_101,2015-06-12
SH_R5,SH_R5_NE_BAT_101,2015-06-13
SH_R5,SH_R5_NE_BAT_101,2015-06-14
SH_R5,SH_R5_NE_BAT_101,2015-06-15
SH_R5,SH_R5_NE_BAT_101,2015-06-16
SH_R5,SH_R5_NW_H1,2015-06-11
SH_R5,SH_R5_NW_H1,2015-06-12
SH_R5,SH_R5_NW_H1,2015-06-13
SH_R5,SH_R5_NW_H1,2015-06-14
SH_R5,SH_R5_NW_H1,2015-06-15
SH_R5,SH_R5_NW_H1,2015-06-16
SH_R5,SH_R5_SE_BAT_103,2015-06-11
SH_R5,SH_R5_SE_BAT_103,2015-06-12
SH_R5,SH_R5_SE_BAT_103,2015-06-13
SH_R5,SH_R5_SE_BAT_103,2015-06-14
SH_R5,SH_R5_SE_BAT_103,2015-06-15
SH_R5,SH_R5_SE_BAT_103,2015-06-16
SH_R5,SH_R5_SW_BAT_100,2015-06-11
SH_R5,SH_R5_SW_BAT_100,2015-06-12
SH_R5,SH_R5_SW_BAT_100,2015-06-13
SH_R5,SH_R5_SW_BAT_100,2015-06-14
SH_R5,SH_R5_SW_BAT_100,2015-06-15
SH_R5,SH_R5_SW_BAT_100,2015-06-16
SH_R6,SH_R6_NE_E4,2015-06-11
SH_R6,SH_R6_NE_E4,2015-06-12
SH_R6,SH_R6_NE_E4,2015-06-13
SH_R6,SH_R6_NE_E4,2015-06-14
SH_R6,SH_R6_NE_E4,2015-06-15
SH_R6,SH_R6_NE_E4,2015-06-16
SH_R6,SH_R6_NW_BAT_044,2015-06-11
SH_R6,SH_R6_NW_BAT_044,2015-06-12
SH_R6,SH_R6_NW_BAT_044,2015-06-13
SH_R6,SH_R6_NW_BAT_044,2015-06-14
SH_R6,SH_R6_NW_BAT_044,2015-06-15
SH_R6,SH_R6_NW_BAT_044,2015-06-16
SH_R6,SH_R6_SE_K4,2015-06-11
SH_R6,SH_R6_SE_K4,2015-06-12
SH_R6,SH_R6_SE_K4,2015-06-13
SH_R6,SH_R6_SE_K4,2015-06-14
SH_R6,SH_R6_SE_K4,2015-06-15
SH_R6,SH_R6_SE_K4,2015-06-16
SH_R6,SH_R6_SW_L1,2015-06-11
SH_R6,SH_R6_SW_L1,2015-06-12
SH_R6,SH_R6_SW_L1,2015-06-13
SH_R6,SH_R6_SW_L1,2015-06-14
SH_R6,SH_R6_SW_L1,2015-06-15
SH_R6,SH_R6_SW_L1,2015-06-16
SMH_1,SMH_1_NW_E3,2015-07-28
SMH_1,SMH_1_NW_E3,2015-07-29
SMH_1,SMH_1_NW_E3,2015-07-30
SMH_1,SMH_1_NW_E3,2015-07-31
SMH_1,SMH_1_NW_E3,2015-08-01
SMH_1,SMH_1_NW_E3,2015-08-02
SMH_1,SMH_1_SE_BAT_205,2015-07-28
SMH_1,SMH_1_SE_BAT_205,2015-07-29
SMH_1,SMH_1_SE_BAT_205,2015-07-30
SMH_1,SMH_1_SE_BAT_205,2015-07-31
SMH_1,SMH_1_SE_BAT_205,2015-08-01
SMH_1,SMH_1_SE_BAT_205,2015-08-02
SMH_1,SMH_1_SW_BAT_039,2015-07-28
SMH_1,SMH_1_SW_BAT_039,2015-07-29
SMH_1,SMH_1_SW_BAT_039,2015-07-30
SMH_1,SMH_1_SW_BAT_039,2015-07-31
SMH_1,SMH_1_SW_BAT_039,2015-08-01
SMH_1,SMH_1_SW_BAT_039,2015-08-02
SPSP_R1,SPSP_R1_NE_BAT_038,2015-06-26
SPSP_R1,SPSP_R1_NE_BAT_038,2015-06-27
SPSP_R1,SPSP_R1_NE_BAT_038,2015-06-28
SPSP_R1,SPSP_R1_NE_BAT_038,2015-06-29
SPSP_R1,SPSP_R1_NE_BAT_038,2015-06-30
SPSP_R1,SPSP_R1_NW_D2,2015-06-26
SPSP_R1,SPSP_R1_NW_D2,2015-06-27
SPSP_R1,SPSP_R1_NW_D2,2015-06-28
SPSP_R1,SPSP_R1_NW_D2,2015-06-29
SPSP_R1,SPSP_R1_NW_D2,2015-06-30
SPSP_R1,SPSP_R1_NW_D2,2015-07-01
SPSP_R1,SPSP_R1_SE_BAT_032,2015-06-26
SPSP_R1,SPSP_R1_SE_BAT_032,2015-06-27
SPSP_R1,SPSP_R1_SE_BAT_032,2015-06-28
SPSP_R1,SPSP_R1_SE_BAT_032,2015-06-29
SPSP_R1,SPSP_R1_SE_BAT_032,2015-06-30
SPSP_R1,SPSP_R1_SE_BAT_032,2015-07-01
SPSP_R1,SPSP_R1_SW_BAT_046,2015-06-26
SPSP_R1,SPSP_R1_SW_BAT_046,2015-06-27
SPSP_R1,SPSP_R1_SW_BAT_046,2015-06-28
SPSP_R1,SPSP_R1_SW_BAT_046,2015-06-29
SPSP_R1,SPSP_R1_SW_BAT_046,2015-06-30
SPSP_R1,SPSP_R1_SW_BAT_046,2015-07-01
SRB_1,SRB_1_NE_1004C,2015-07-17
SRB_1,SRB_1_NE_1004C,2015-07-18
SRB_1,SRB_1_NE_1004C,2015-07-19
SRB_1,SRB_1_NE_1004C,2015-07-20
SRB_1,SRB_1_NE_1004C,2015-07-21
SRB_1,SRB_1_NE_1004C,2015-07-22
SRB_1,SRB_1_NW_001,2015-07-17
SRB_1,SRB_1_NW_001,2015-07-18
SRB_1,SRB_1_NW_001,2015-07-19
SRB_1,SRB_1_NW_001,2015-07-20
SRB_1,SRB_1_NW_001,2015-07-21
SRB_1,SRB_1_NW_001,2015-07-22
SRB_1,SRB_1_SE_BAT_029,2015-07-17
SRB_1,SRB_1_SE_BAT_029,2015-07-18
SRB_1,SRB_1_SE_BAT_029,2015-07-19
SRB_1,SRB_1_SE_BAT_029,2015-07-20
SRB_1,SRB_1_SE_BAT_029,2015-07-21
SRB_1,SRB_1_SE_BAT_029,2015-07-22
SRB_1,SRB_1_SW_J3,2015-07-17
SRB_1,SRB_1_SW_J3,2015-07-18
SRB_1,SRB_1_SW_J3,2015-07-19
SRB_1,SRB_1_SW_J3,2015-07-20
SRB_1,SRB_1_SW_J3,2015-07-21
SRB_1,SRB_1_SW_J3,2015-07-22
TSP_1,TSP_1_NE_BAT_100,2015-07-24
TSP_1,TSP_1_NE_BAT_100,2015-07-25
TSP_1,TSP_1_NE_BAT_100,2015-07-26
TSP_1,TSP_1_NE_BAT_100,2015-07-27
TSP_1,TSP_1_NE_BAT_100,2015-07-28
TSP_1,TSP_1_NE_BAT_100,2015-07-29
TSP_1,TSP_1_SE_F4,2015-07-24
TSP_1,TSP_1_SE_F4,2015-07-25
TSP_1,TSP_1_SE_F4,2015-07-26
TSP_1,TSP_1_SE_F4,2015-07-27
TSP_1,TSP_1_SE_F4,2015-07-28
TSP_1,TSP_1_SW_BAT_204,2015-07-24
TSP_1,TSP_1_SW_BAT_204,2015-07-25
TSP_1,TSP_1_SW_BAT_204,2015-07-26
TSP_1,TSP_1_SW_BAT_204,2015-07-27
TSP_1,TSP_1_SW_BAT_204,2015-07-28
TSP_2,TSP_2_NE_F2,2015-07-21
TSP_2,TSP_2_NE_F2,2015-07-22
TSP_2,TSP_2_NE_F2,2015-07-23
TSP_2,TSP_2_NE_F2,2015-07-24
TSP_2,TSP_2_NE_F2,2015-07-25
TSP_2,TSP_2_NE_F2,2015-07-26
TSP_2,TSP_2_NW_D3,2015-07-21
TSP_2,TSP_2_NW_D3,2015-07-22
TSP_2,TSP_2_NW_D3,2015-07-23
TSP_2,TSP_2_NW_D3,2015-07-24
TSP_2,TSP_2_NW_D3,2015-07-25
TSP_2,TSP_2_NW_D3,2015-07-26
TSP_2,TSP_2_SE_BAT_048,2015-07-21
TSP_2,TSP_2_SE_BAT_048,2015-07-22
TSP_2,TSP_2_SE_BAT_048,2015-07-23
TSP_2,TSP_2_SE_BAT_048,2015-07-24
TSP_2,TSP_2_SE_BAT_048,2015-07-25
TSP_2,TSP_2_SE_BAT_048,2015-07-26
TSP_2,TSP_2_SW_BAT_045,2015-07-21
TSP_2,TSP_2_SW_BAT_045,2015-07-22
TSP_2,TSP_2_SW_BAT_045,2015-07-23
TSP_2,TSP_2_SW_BAT_045,2015-07-24
TSP_2,TSP_2_SW_BAT_045,2015-07-25
TSP_2,TSP_2_SW_BAT_045,2015-07-26
WMAMP_1,WMAMP_1_NE_BAT_007,2015-07-16
WMAMP_1,WMAMP_1_NE_BAT_007,2015-07-17
WMAMP_1,WMAMP_1_NE_BAT_007,2015-07-18
WMAMP_1,WMAMP_1_NE_BAT_007,2015-07-19
WMAMP_1,WMAMP_1_NE_BAT_007,2015-07-20
WMAMP_1,WMAMP_1_NE_BAT_007,2015-07-21
WMAMP_1,WMAMP_1_NW_J1,2015-07-16
WMAMP_1,WMAMP_1_NW_J1,2015-07-17
WMAMP_1,WMAMP_1_NW_J1,2015-07-18
WMAMP_1,WMAMP_1_NW_J1,2015-07-19
WMAMP_1,WMAMP_1_NW_J1,2015-07-20
WMAMP_1,WMAMP_1_NW_J1,2015-07-21
WMAMP_1,WMAMP_1_SE_D4,2015-07-16
WMAMP_1,WMAMP_1_SE_D4,2015-07-17
WMAMP_1,WMAMP_1_SE_D4,2015-07-18
WMAMP_1,WMAMP_1_SE_D4,2015-07-19
WMAMP_1,WMAMP_1_SE_D4,2015-07-20
WMAMP_1,WMAMP_1_SE_D4,2015-07-21
WMAMP_1,WMAMP_SW_G3,2015-07-16
WMAMP_1,WMAMP_SW_G3,2015-07-17
WMAMP_1,WMAMP_SW_G3,2015-07-18
WMAMP_1,WMAMP_SW_G3,2015-07-19
WMAMP_1,WMAMP_SW_G3,2015-07-20
WMAMP_1,WMAMP_SW_G3,2015-07-21
WMAMP_2,WMAMP_2_NE_B3,2015-07-15
WMAMP_2,WMAMP_2_NE_B3,2015-07-16
WMAMP_2,WMAMP_2_NE_B3,2015-07-17
WMAMP_2,WMAMP_2_NE_B3,2015-07-18
WMAMP_2,WMAMP_2_NE_B3,2015-07-19
WMAMP_2,WMAMP_2_NE_B3,2015-07-20
WMAMP_2,WMAMP_2_NW_BAT_021,2015-07-15
WMAMP_2,WMAMP_2_NW_BAT_021,2015-07-16
WMAMP_2,WMAMP_2_NW_BAT_021,2015-07-17
WMAMP_2,WMAMP_2_NW_BAT_021,2015-07-18
WMAMP_2,WMAMP_2_NW_BAT_021,2015-07-19
WMAMP_2,WMAMP_2_NW_BAT_021,2015-07-20
WMAMP_2,WMAMP_2_SE_994A,2015-07-15
WMAMP_2,WMAMP_2_SE_994A,2015-07-16
WMAMP_2,WMAMP_2_SE_994A,2015-07-17
WMAMP_2,WMAMP_2_SE_994A,2015-07-18
WMAMP_2,WMAMP_2_SE_994A,2015-07-19
WMAMP_2,WMAMP_2_SE_994A,2015-07-20
WMAMP_2,WMAMP_2_SW_D2,2015-07-15
WMAMP_2,WMAMP_2_SW_D2,2015-07-16
WMAMP_2,WMAMP_2_SW_D2,2015-07-17
WMAMP_2,WMAMP_2_SW_D2,2015-07-18
WMAMP_2,WMAMP_2_SW_D2,2015-07-19
WMAMP_3,WMAMP_3_NE_H2,2015-07-14
WMAMP_3,WMAMP_3_NE_H2,2015-07-15
WMAMP_3,WMAMP_3_NE_H2,2015-07-16
WMAMP_3,WMAMP_3_NE_H2,2015-07-17
WMAMP_3,WMAMP_3_NE_H2,2015-07-18
WMAMP_3,WMAMP_3_NE_H2,2015-07-19
WMAMP_3,WMAMP_3_NW_BAT_032,2015-07-14
WMAMP_3,WMAMP_3_NW_BAT_032,2015-07-15
WMAMP_3,WMAMP_3_NW_BAT_032,2015-07-16
WMAMP_3,WMAMP_3_NW_BAT_032,2015-07-17
WMAMP_3,WMAMP_3_NW_BAT_032,2015-07-18
WMAMP_3,WMAMP_3_NW_BAT_032,2015-07-19
WMAMP_3,WMAMP_3_SE_BAT_008,2015-07-14
WMAMP_3,WMAMP_3_SE_BAT_008,2015-07-15
WMAMP_3,WMAMP_3_SE_BAT_008,2015-07-16
WMAMP_3,WMAMP_3_SE_BAT_008,2015-07-17
WMAMP_3,WMAMP_3_SE_BAT_008,2015-07-18
WMAMP_3,WMAMP_3_SE_BAT_008,2015-07-19
WMAMP_3,WMAMP_3_SW_K2,2015-07-14
WMAMP_3,WMAMP_3_SW_K2,2015-07-15
WMAMP_3,WMAMP_3_SW_K2,2015-07-16
WMAMP_3,WMAMP_3_SW_K2,2015-07-17
WMAMP_3,WMAMP_3_SW_K2,2015-07-18
WMAMP_3,WMAMP_3_SW_K2,2015-07-19
WRB_R1,WRB_R1_NE_BAT_020,2015-06-26
WRB_R1,WRB_R1_NE_BAT_020,2015-06-27
WRB_R1,WRB_R1_NE_BAT_020,2015-06-28
WRB_R1,WRB_R1_NE_BAT_020,2015-06-29
WRB_R1,WRB_R1_NE_BAT_020,2015-06-30
WRB_R1,WRB_R1_NE_BAT_020,2015-07-01
WRB_R1,WRB_R1_NW_BAT_014,2015-06-26
WRB_R1,WRB_R1_NW_BAT_014,2015-06-27
WRB_R1,WRB_R1_NW_BAT_014,2015-06-28
WRB_R1,WRB_R1_NW_BAT_014,2015-06-29
WRB_R1,WRB_R1_NW_BAT_014,2015-06-30
WRB_R1,WRB_R1_NW_BAT_014,2015-07-01
WRB_R1,WRB_R1_SE_BAT_006,2015-06-26
WRB_R1,WRB_R1_SE_BAT_006,2015-06-27
WRB_R1,WRB_R1_SE_BAT_006,2015-06-28
WRB_R1,WRB_R1_SE_BAT_006,2015-06-29
WRB_R1,WRB_R1_SE_BAT_006,2015-06-30
WRB_R1,WRB_R1_SE_BAT_006,2015-07-01
WRB_R1,WRB_R1_SW_BAT_002,2015-06-26
WRB_R1,WRB_R1_SW_BAT_002,2015-06-27
WRB_R1,WRB_R1_SW_BAT_002,2015-06-28
WRB_R1,WRB_R1_SW_BAT_002,2015-06-29
WRB_R1,WRB_R1_SW_BAT_002,2015-06-30
WRB_R1,WRB_R1_SW_BAT_002,2015-07-01
